-- phpMyAdmin SQL Dump
-- version 5.1.0
-- https://www.phpmyadmin.net/
--
-- Host: 127.0.0.1
-- Generation Time: May 30, 2022 at 08:17 AM
-- Server version: 10.4.18-MariaDB
-- PHP Version: 8.0.3

SET SQL_MODE = "NO_AUTO_VALUE_ON_ZERO";
START TRANSACTION;
SET time_zone = "+00:00";


/*!40101 SET @OLD_CHARACTER_SET_CLIENT=@@CHARACTER_SET_CLIENT */;
/*!40101 SET @OLD_CHARACTER_SET_RESULTS=@@CHARACTER_SET_RESULTS */;
/*!40101 SET @OLD_COLLATION_CONNECTION=@@COLLATION_CONNECTION */;
/*!40101 SET NAMES utf8mb4 */;

--
-- Database: `ekhaya-logistics-313731c212`
--

-- --------------------------------------------------------

--
-- Table structure for table `activites`
--

CREATE TABLE `activites` (
  `id` int(11) NOT NULL,
  `activity` varchar(255) NOT NULL,
  `details` varchar(5000) NOT NULL,
  `image_1` varchar(255) NOT NULL,
  `image_2` varchar(255) NOT NULL,
  `image_3` varchar(255) NOT NULL,
  `date` varchar(255) NOT NULL
) ENGINE=MyISAM DEFAULT CHARSET=utf8mb4;

--
-- Dumping data for table `activites`
--

INSERT INTO `activites` (`id`, `activity`, `details`, `image_1`, `image_2`, `image_3`, `date`) VALUES
(1, 'Construction Workers', 'Proin iaculis dictum tellus sed ultricies. Mauris vitae leo lobortis, pellentesque ipsum quis, cursus sem. Pellentesque aliquam dapibus tristique. Phasellus sed velit non neque porta pharetra. Morbi porta lacus ac ligula facilisis, at vehicula mi convallis. Suspendisse potenti. Ut sed risus sit amet orci aliquet convallis. Duis condimentum nisi quis enim pellentesque placerat. Proin id ornare nisi. Donec posuere, libero eu pulvinar laoreet, sem nisl lacinia arcu, non egestas lorem nisl sed eros.', 'Construction Workersb049102771f718bab77f372564a9399d.jpg', 'Construction Workerscd4d1e5f89f478f1233f6212c9502315', 'Construction Workers06302820137d454b290463e418bc4b24', 'May 8,2020'),
(2, 'Electricians', 'Proin iaculis dictum tellus sed ultricies. Mauris vitae leo lobortis, pellentesque ipsum quis, cursus sem. Pellentesque aliquam dapibus tristique. Phasellus sed velit non neque porta pharetra. Morbi porta lacus ac ligula facilisis, at vehicula mi convallis. Suspendisse potenti. Ut sed risus sit amet orci aliquet convallis. Duis condimentum nisi quis enim pellentesque placerat. Proin id ornare nisi. Donec posuere, libero eu pulvinar laoreet, sem nisl lacinia arcu, non egestas lorem nisl sed eros.', 'Electriciansef680bdc802e6c921b4346426849cff2.jpg', 'Electricians7fdf321d2e8413efb90169367be5e905', 'Electriciansfae68c3b0a04a69920aaea01398169d6', 'May 8,2020'),
(3, 'Plumbers', 'Proin iaculis dictum tellus sed ultricies. Mauris vitae leo lobortis, pellentesque ipsum quis, cursus sem. Pellentesque aliquam dapibus tristique. Phasellus sed velit non neque porta pharetra. Morbi porta lacus ac ligula facilisis, at vehicula mi convallis. Suspendisse potenti. Ut sed risus sit amet orci aliquet convallis. Duis condimentum nisi quis enim pellentesque placerat. Proin id ornare nisi. Donec posuere, libero eu pulvinar laoreet, sem nisl lacinia arcu, non egestas lorem nisl sed eros.', 'Plumbers21657498c019675ad2decb47380436d5.jpg', 'Plumbers2fc468c60c2bd7909ec7b279d52fe55a', 'Plumbers365e8d45581f2d96fd6bce11fc4ae83d', 'May 8,2020'),
(4, 'Agricultural Workers', 'Proin iaculis dictum tellus sed ultricies. Mauris vitae leo lobortis, pellentesque ipsum quis, cursus sem. Pellentesque aliquam dapibus tristique. Phasellus sed velit non neque porta pharetra. Morbi porta lacus ac ligula facilisis, at vehicula mi convallis. Suspendisse potenti. Ut sed risus sit amet orci aliquet convallis. Duis condimentum nisi quis enim pellentesque placerat. Proin id ornare nisi. Donec posuere, libero eu pulvinar laoreet, sem nisl lacinia arcu, non egestas lorem nisl sed eros.', 'Agricultural Workersd766e1193f7f70d182d9d3a1fb76b0fd.jpg', 'Agricultural Workersd9243b52684fe5ae17af2fd909937cfc', 'Agricultural Workers6e1da5b8f90ef2d39f117dfe633f0ceb', 'May 8,2020'),
(5, 'Agriculture', '', 'Agriculture5ff1049d9c616d71019ef56176e0c056.jpeg', 'Agriculturef28fa9dad57cd26a18ab50b8c27a4030', 'Agriculture11341a366242eba14a9d193ffe3f1f6b', 'May 8,2020');

-- --------------------------------------------------------

--
-- Table structure for table `admin`
--

CREATE TABLE `admin` (
  `id` int(11) NOT NULL,
  `name` text NOT NULL,
  `email` varchar(100) NOT NULL,
  `password` varchar(250) NOT NULL,
  `profile` varchar(250) NOT NULL,
  `status` varchar(250) NOT NULL
) ENGINE=MyISAM DEFAULT CHARSET=utf8mb4;

--
-- Dumping data for table `admin`
--

INSERT INTO `admin` (`id`, `name`, `email`, `password`, `profile`, `status`) VALUES
(1, 'Tafadzwa kaurai', 'admin@ekhayalogistics.com', '$2y$10$O6idYo3aSlWqlteE3vQAmuhO6/WRa54mip.A3iVy7bsif83RuzMX6', '', '');

-- --------------------------------------------------------

--
-- Table structure for table `announcements`
--

CREATE TABLE `announcements` (
  `id` int(11) NOT NULL,
  `date` date NOT NULL,
  `subject` text NOT NULL,
  `announcement` text NOT NULL
) ENGINE=MyISAM DEFAULT CHARSET=utf8mb4;

--
-- Dumping data for table `announcements`
--

INSERT INTO `announcements` (`id`, `date`, `subject`, `announcement`) VALUES
(1, '2020-12-01', 'Ekhaya Logistics Launched', 'We were happy to officially launch Ekhaya Logistics. We help send goods and packages to Zimbabwe from India and vice versa. Our main HQ is in Pune, India you can visit <a href=\"https://www.ekhayalogistics.com\">www.ekhayalogistics.com</a> for more information'),
(2, '2020-12-12', 'First Ekhaya  Logistics Cargo To Zimbabwe', 'First Consolidated Cargo going to Zimbabwe on 12 December 2020. Enjoy discounted rate on bigger shipments. We ship documents, small parcels and big consignments. Contact Ekhaya Logistics Staff\nKaurayi (India): +918010251955, Russel(Zimbabwe): +263774453652'),
(6, '2020-12-13', 'Shipment Postponed to 18 December 2020', 'Due to many requests, we will be postponing our shipment dates to <strong> 18 December 2020 </strong> for the month of December.\nKeep Sending  your packages to our address\nContact\nKaurayi : +918010251955,  Shubham : +918010266351,\nkauray@ekhayalogistics.com, russel@ekhayalogistics.com\n');

-- --------------------------------------------------------

--
-- Table structure for table `charges_recieve`
--

CREATE TABLE `charges_recieve` (
  `id` int(11) NOT NULL,
  `commission` varchar(255) NOT NULL,
  `zim_rate` varchar(255) NOT NULL,
  `indian_rate` varchar(255) NOT NULL
) ENGINE=InnoDB DEFAULT CHARSET=latin1;

--
-- Dumping data for table `charges_recieve`
--

INSERT INTO `charges_recieve` (`id`, `commission`, `zim_rate`, `indian_rate`) VALUES
(1, '0.08', '77', '75');

-- --------------------------------------------------------

--
-- Table structure for table `charges_send`
--

CREATE TABLE `charges_send` (
  `id` int(11) NOT NULL,
  `commission` varchar(255) NOT NULL,
  `zim_rate` varchar(255) NOT NULL,
  `indian_rate` varchar(255) NOT NULL
) ENGINE=InnoDB DEFAULT CHARSET=latin1;

--
-- Dumping data for table `charges_send`
--

INSERT INTO `charges_send` (`id`, `commission`, `zim_rate`, `indian_rate`) VALUES
(1, '0.08', '60', '75.5');

-- --------------------------------------------------------

--
-- Table structure for table `current_qr_link`
--

CREATE TABLE `current_qr_link` (
  `id` int(11) NOT NULL,
  `qr_link` text NOT NULL
) ENGINE=InnoDB DEFAULT CHARSET=latin1;

--
-- Dumping data for table `current_qr_link`
--

INSERT INTO `current_qr_link` (`id`, `qr_link`) VALUES
(1, 'qrcodes-2021-03-24.zip');

-- --------------------------------------------------------

--
-- Table structure for table `fedex_map_zone`
--

CREATE TABLE `fedex_map_zone` (
  `id` int(11) NOT NULL,
  `country` text NOT NULL,
  `iso` text NOT NULL,
  `isd` text NOT NULL,
  `zone` text NOT NULL
) ENGINE=InnoDB DEFAULT CHARSET=utf8mb4;

--
-- Dumping data for table `fedex_map_zone`
--

INSERT INTO `fedex_map_zone` (`id`, `country`, `iso`, `isd`, `zone`) VALUES
(1, 'Afghanistan', 'AF', '93', 'C'),
(2, 'Albania', 'AL', '355', 'I'),
(3, 'Algeria', 'DZ', '213', 'O'),
(4, 'American Samoa', 'AS', '1-684', 'E'),
(5, 'Andorra', 'AD', '376', 'I'),
(6, 'Angola', 'AO', '244', 'O'),
(7, 'Anguilla', 'AI', '1-264', 'J'),
(8, 'Antarctica', 'AQ', '672', ''),
(9, 'Antigua and Barbuda', 'AG', '1-268', 'J'),
(10, 'Argentina', 'AR', '54', 'J'),
(11, 'Armenia', 'AM', '374', 'I'),
(12, 'Aruba', 'AW', '297', 'J'),
(13, 'Australia', 'AU', '61', 'E'),
(14, 'Austria', 'AT', '43', 'I'),
(15, 'Azerbaijan', 'AZ', '994', 'I'),
(16, 'Bahamas', 'BS', '1-242', 'J'),
(17, 'Bahrain', 'BH', '973', 'M'),
(18, 'Bangladesh', 'BD', '880', 'B'),
(19, 'Barbados', 'BB', '1-246', 'J'),
(20, 'Belarus', 'BY', '375', 'I'),
(21, 'Belgium', 'BE', '32', 'F'),
(22, 'Belize', 'BZ', '501', 'J'),
(23, 'Benin', 'BJ', '229', 'Q'),
(24, 'Bermuda', 'BM', '1-441', 'J'),
(25, 'Bhutan', 'BT', '975', 'B'),
(26, 'Bolivia', 'BO', '591', 'J'),
(27, 'Bosnia and Herzegowina', 'BA', '387', 'I'),
(28, 'Botswana', 'BW', '267', 'P'),
(29, 'Bouvet Island', 'BV', '47', ''),
(30, 'Brazil', 'BR', '55', 'J'),
(31, 'British Indian Ocean Territory', 'IO', '246', ''),
(32, 'Brunei Darussalam', 'BN', '673', 'E'),
(33, 'Bulgaria', 'BG', '359', 'I'),
(34, 'Burkina Faso', 'BF', '226', 'Q'),
(35, 'Burundi', 'BI', '257', 'Q'),
(36, 'Cambodia', 'KH', '855', 'E'),
(37, 'Cameroon', 'CM', '237', 'Q'),
(38, 'Canada', 'CA', '1', 'L'),
(39, 'Cape Verde', 'CV', '238', 'Q'),
(40, 'Cayman Islands', 'KY', '1-345', 'J'),
(41, 'Central African Republic', 'CF', '236', ''),
(42, 'Chad', 'TD', '235', 'N'),
(43, 'Chile', 'CL', '56', 'J'),
(44, 'China', 'CN', '86', 'D'),
(45, 'Christmas Island', 'CX', '61', ''),
(46, 'Cocos (Keeling) Islands', 'CC', '61', ''),
(47, 'Colombia', 'CO', '57', 'J'),
(48, 'Comoros', 'KM', '269', ''),
(49, 'Congo Democratic Republic of', 'CG', '242', 'N'),
(50, 'Cook Islands', 'CK', '682', 'E'),
(51, 'Costa Rica', 'CR', '506', 'J'),
(52, 'Cote D\'Ivoire', 'CI', '225', ''),
(53, 'Croatia', 'HR', '385', 'I'),
(54, 'Cuba', 'CU', '53', ''),
(55, 'Cyprus', 'CY', '357', 'I'),
(56, 'Czech Republic', 'CZ', '420', 'I'),
(57, 'Denmark', 'DK', '45', 'F'),
(58, 'Djibouti', 'DJ', '253', 'N'),
(59, 'Dominica', 'DM', '1-767', 'J'),
(60, 'Dominican Republic', 'DO', '1-809', 'J'),
(61, 'Timor-Leste', 'TL', '670', ''),
(62, 'Ecuador', 'EC', '593', 'J'),
(63, 'Egypt', 'EG', '20', 'C'),
(64, 'El Salvador', 'SV', '503', 'J'),
(65, 'Equatorial Guinea', 'GQ', '240', ''),
(66, 'Eritrea', 'ER', '291', 'N'),
(67, 'Estonia', 'EE', '372', 'I'),
(68, 'Ethiopia', 'ET', '251', 'N'),
(69, 'Falkland Islands (Malvinas)', 'FK', '500', ''),
(70, 'Faroe Islands', 'FO', '298', 'F'),
(71, 'Fiji', 'FJ', '679', 'E'),
(72, 'Finland', 'FI', '358', 'I'),
(73, 'France', 'FR', '33', 'F'),
(75, 'French Guiana', 'GF', '594', 'J'),
(76, 'French Polynesia', 'PF', '689', 'E'),
(77, 'French Southern Territories', 'TF', '', ''),
(78, 'Gabon', 'GA', '241', 'Q'),
(79, 'Gambia', 'GM', '220', 'Q'),
(80, 'Georgia', 'GE', '995', 'I'),
(81, 'Germany', 'DE', '49', 'F'),
(82, 'Ghana', 'GH', '233', 'O'),
(83, 'Gibraltar', 'GI', '350', 'I'),
(84, 'Greece', 'GR', '30', 'I'),
(85, 'Greenland', 'GL', '299', 'F'),
(86, 'Grenada', 'GD', '1-473', 'J'),
(87, 'Guadeloupe', 'GP', '590', 'J'),
(88, 'Guam', 'GU', '1-671', 'E'),
(89, 'Guatemala', 'GT', '502', 'J'),
(90, 'Guinea', 'GN', '224', 'Q'),
(91, 'Guinea-bissau', 'GW', '245', ''),
(92, 'Guyana', 'GY', '592', 'J'),
(93, 'Haiti', 'HT', '509', 'J'),
(94, 'Heard Island and McDonald Islands', 'HM', '011', ''),
(95, 'Honduras', 'HN', '504', 'J'),
(96, 'Hong Kong', 'HK', '852', 'D'),
(97, 'Hungary', 'HU', '36', 'I'),
(98, 'Iceland', 'IS', '354', 'I'),
(99, 'India', 'IN', '91', ''),
(100, 'Indonesia', 'ID', '62', 'E'),
(101, 'Iran (Islamic Republic of)', 'IR', '98', ''),
(102, 'Iraq', 'IQ', '964', 'C'),
(103, 'Ireland', 'IE', '353', 'I'),
(104, 'Israel', 'IL', '972', 'I'),
(105, 'Italy', 'IT', '39', 'F'),
(106, 'Jamaica', 'JM', '1-876', 'J'),
(107, 'Japan', 'JP', '81', 'H'),
(108, 'Jordan', 'JO', '962', 'C'),
(109, 'Kazakhstan', 'KZ', '7', 'I'),
(110, 'Kenya', 'KE', '254', 'N'),
(111, 'Kiribati', 'KI', '686', ''),
(112, 'Korea, Democratic People\'s Republic of', 'KP', '850', ''),
(113, 'South Korea', 'KR', '82', 'E'),
(114, 'Kuwait', 'KW', '965', 'M'),
(115, 'Kyrgyzstan', 'KG', '996', 'I'),
(116, 'Lao People\'s Democratic Republic', 'LA', '856', 'E'),
(117, 'Latvia', 'LV', '371', 'I'),
(118, 'Lebanon', 'LB', '961', 'C'),
(119, 'Lesotho', 'LS', '266', 'P'),
(120, 'Liberia', 'LR', '231', 'Q'),
(121, 'Libya', 'LY', '218', 'O'),
(122, 'Liechtenstein', 'LI', '423', 'F'),
(123, 'Lithuania', 'LT', '370', 'I'),
(124, 'Luxembourg', 'LU', '352', 'F'),
(125, 'Macao', 'MO', '853', 'E'),
(126, 'Macedonia, The Former Yugoslav Republic of', 'MK', '389', 'I'),
(127, 'Madagascar', 'MG', '261', 'Q'),
(128, 'Malawi', 'MW', '265', 'Q'),
(129, 'Malaysia', 'MY', '60', 'E'),
(130, 'Maldives', 'MV', '960', 'B'),
(131, 'Mali', 'ML', '223', 'Q'),
(132, 'Malta', 'MT', '356', 'I'),
(133, 'Marshall Islands', 'MH', '692', 'E'),
(134, 'Martinique', 'MQ', '596', 'J'),
(135, 'Mauritania', 'MR', '222', 'Q'),
(136, 'Mauritius', 'MU', '230', 'N'),
(137, 'Mayotte', 'YT', '262', ''),
(138, 'Mexico', 'MX', '52', 'G'),
(139, 'Micronesia, Federated States of', 'FM', '691', 'E'),
(140, 'Moldova', 'MD', '373', 'I'),
(141, 'Monaco', 'MC', '377', 'I'),
(142, 'Mongolia', 'MN', '976', 'E'),
(143, 'Montserrat', 'MS', '1-664', 'J'),
(144, 'Morocco', 'MA', '212', 'O'),
(145, 'Mozambique', 'MZ', '258', 'Q'),
(146, 'Myanmar', 'MM', '95', ''),
(147, 'Namibia', 'NA', '264', 'P'),
(148, 'Nauru', 'NR', '674', ''),
(149, 'Nepal', 'NP', '977', 'B'),
(150, 'Netherlands', 'NL', '31', 'F'),
(151, 'Netherlands Antilles', 'AN', '599', ''),
(152, 'New Caledonia', 'NC', '687    ', 'E'),
(153, 'New Zealand', 'NZ', '64', 'E'),
(154, 'Nicaragua', 'NI', '505', 'J'),
(155, 'Niger', 'NE', '227', 'Q'),
(156, 'Nigeria', 'NG', '234', 'O'),
(157, 'Niue', 'NU', '683', ''),
(158, 'Norfolk Island', 'NF', '672', ''),
(159, 'Northern Mariana Islands', 'MP', '1-670', ''),
(160, 'Norway', 'NO', '47', 'I'),
(161, 'Oman', 'OM', '968', 'M'),
(162, 'Pakistan', 'PK', '92', 'B'),
(163, 'Palau', 'PW', '680', 'E'),
(164, 'Panama', 'PA', '507', 'J'),
(165, 'Papua New Guinea', 'PG', '675', 'E'),
(166, 'Paraguay', 'PY', '595', 'J'),
(167, 'Peru', 'PE', '51', 'J'),
(168, 'Philippines', 'PH', '63', 'E'),
(169, 'Pitcairn', 'PN', '64', ''),
(170, 'Poland', 'PL', '48', 'I'),
(171, 'Portugal', 'PT', '351', 'I'),
(172, 'Puerto Rico', 'PR', '1-787', 'J'),
(173, 'Qatar', 'QA', '974', 'M'),
(174, 'Reunion', 'RE', '262', 'Q'),
(175, 'Romania', 'RO', '40', 'I'),
(176, 'Russian Federation', 'RU', '7', 'I'),
(177, 'Rwanda', 'RW', '250', 'P'),
(178, 'Saint Kitts and Nevis', 'KN', '1-869', ''),
(179, 'Saint Lucia', 'LC', '1-758', ''),
(180, 'Saint Vincent and the Grenadines', 'VC', '1-784', ''),
(181, 'Samoa', 'WS', '685', 'E'),
(182, 'San Marino', 'SM', '378', ''),
(183, 'Sao Tome and Principe', 'ST', '239', ''),
(184, 'Saudi Arabia', 'SA', '966', 'C'),
(185, 'Senegal', 'SN', '221', 'Q'),
(186, 'Seychelles', 'SC', '248', 'K'),
(187, 'Sierra Leone', 'SL', '232', ''),
(188, 'Singapore', 'SG', '65', 'B'),
(189, 'Slovakia (Slovak Republic)', 'SK', '421', 'I'),
(190, 'Slovenia', 'SI', '386', 'I'),
(191, 'Solomon Islands', 'SB', '677', ''),
(192, 'Somalia', 'SO', '252', ''),
(193, 'South Africa', 'ZA', '27', 'K'),
(194, 'South Georgia and the South Sandwich Islands', 'GS', '500', ''),
(195, 'Spain', 'ES', '34', 'F'),
(196, 'Sri Lanka', 'LK', '94', 'B'),
(197, 'Saint Helena, Ascension and Tristan da Cunha', 'SH', '290', ''),
(198, 'St. Pierre and Miquelon', 'PM', '508', ''),
(199, 'Sudan', 'SD', '249', ''),
(200, 'Suriname', 'SR', '597', 'J'),
(201, 'Svalbard and Jan Mayen Islands', 'SJ', '47', ''),
(202, 'Swaziland', 'SZ', '268', 'P'),
(203, 'Sweden', 'SE', '46', 'I'),
(204, 'Switzerland', 'CH', '41', 'F'),
(205, 'Syrian Arab Republic', 'SY', '963', ''),
(206, 'Taiwan', 'TW', '886', 'E'),
(207, 'Tajikistan', 'TJ', '992', ''),
(208, 'Tanzania, United Republic of', 'TZ', '255', 'N'),
(209, 'Thailand', 'TH', '66', 'D'),
(210, 'Togo', 'TG', '228', 'Q'),
(211, 'Tokelau', 'TK', '690', ''),
(212, 'Tonga', 'TO', '676', 'E'),
(213, 'Trinidad and Tobago', 'TT', '1-868', 'J'),
(214, 'Tunisia', 'TN', '216', 'Q'),
(215, 'Turkey', 'TR', '90', 'I'),
(216, 'Turkmenistan', 'TM', '993', ''),
(217, 'Turks and Caicos Islands', 'TC', '1-649', 'J'),
(218, 'Tuvalu', 'TV', '688', ''),
(219, 'Uganda', 'UG', '256', 'N'),
(220, 'Ukraine', 'UA', '380', 'I'),
(221, 'United Arab Emirates', 'AE', '971', 'A'),
(222, 'United Kingdom', 'GB', '44', 'F'),
(223, 'United States', 'US', '1', 'G'),
(224, 'United States Minor Outlying Islands', 'UM', '246', ''),
(225, 'Uruguay', 'UY', '598', 'J'),
(226, 'Uzbekistan', 'UZ', '998', 'I'),
(227, 'Vanuatu', 'VU', '678', 'E'),
(228, 'Vatican City State (Holy See)', 'VA', '379', ''),
(229, 'Venezuela', 'VE', '58', 'J'),
(230, 'Vietnam', 'VN', '84', 'E'),
(231, 'Virgin Islands (British)', 'VG', '1-284', 'J'),
(232, 'Virgin Islands (U.S.)', 'VI', '1-340', 'J'),
(233, 'Wallis and Futuna Islands', 'WF', '681', ''),
(234, 'Western Sahara', 'EH', '212', ''),
(235, 'Yemen', 'YE', '967', ''),
(236, 'Serbia', 'RS', '381', ''),
(238, 'Zambia', 'ZM', '260', 'P'),
(239, 'Zimbabwe', 'ZW', '263', 'P'),
(240, 'Aaland Islands', 'AX', '358', ''),
(241, 'Palestine', 'PS', '970', ''),
(242, 'Montenegro', 'ME', '382', ''),
(243, 'Guernsey', 'GG', '44-1481', ''),
(244, 'Isle of Man', 'IM', '44-1624', ''),
(245, 'Jersey', 'JE', '44-1534', ''),
(247, 'Curaçao', 'CW', '599', ''),
(248, 'Ivory Coast', 'CI', '225', 'O'),
(249, 'Kosovo', 'XK', '383', '');

-- --------------------------------------------------------

--
-- Table structure for table `fedex_rate_card`
--

CREATE TABLE `fedex_rate_card` (
  `id` int(11) NOT NULL,
  `weight` double NOT NULL,
  `A` double NOT NULL,
  `B` double NOT NULL,
  `C` double NOT NULL,
  `D` double NOT NULL,
  `E` double NOT NULL,
  `F` double NOT NULL,
  `G` double NOT NULL,
  `H` double NOT NULL,
  `I` double NOT NULL,
  `J` double NOT NULL,
  `K` double NOT NULL,
  `L` double NOT NULL,
  `M` double NOT NULL,
  `N` double NOT NULL,
  `O` double NOT NULL,
  `P` double NOT NULL,
  `Q` double NOT NULL
) ENGINE=InnoDB DEFAULT CHARSET=utf8mb4;

--
-- Dumping data for table `fedex_rate_card`
--

INSERT INTO `fedex_rate_card` (`id`, `weight`, `A`, `B`, `C`, `D`, `E`, `F`, `G`, `H`, `I`, `J`, `K`, `L`, `M`, `N`, `O`, `P`, `Q`) VALUES
(1, 0.5, 1059.5, 968.5, 1245.4, 1340.3, 1114.1, 1389.7, 1352, 1454.7, 1502.8, 1612, 1337.7, 1488.5, 1133.6, 1714.7, 1714.7, 1661.94, 1714.7),
(2, 1, 1199.9, 1041.3, 1333.8, 1392.3, 1198.6, 1501.5, 1544.4, 1511.9, 1561.3, 1739.4, 1488.5, 1599, 1266.2, 1827.8, 1827.8, 1771.56, 1827.8),
(3, 1.5, 1375.4, 1259.7, 1569.1, 1641.9, 1415.7, 1705.6, 1749.8, 1778.4, 1825.2, 1937, 1657.5, 1810.9, 1452.1, 2035.8, 2035.8, 1973.16, 2035.8),
(4, 2, 1552.2, 1476.8, 1805.7, 1890.2, 1632.8, 1909.7, 1953.9, 2044.9, 2089.1, 2134.6, 1826.5, 2022.8, 1638, 2243.8, 2243.8, 2174.76, 2243.8),
(5, 2.5, 1727.7, 1695.2, 2041, 2138.5, 1848.6, 2113.8, 2158, 2311.4, 2351.7, 2332.2, 1995.5, 2234.7, 1822.6, 2451.8, 2451.8, 2376.36, 2451.8),
(6, 3, 2328.3, 1713.4, 2563.6, 2564.9, 1976, 2605.2, 2640.3, 2635.1, 2693.6, 2839.2, 2514.2, 2692.3, 2398.5, 2860, 2860, 2772, 2860),
(7, 3.5, 2473.9, 1787.5, 2653.3, 2724.8, 2090.4, 2798.9, 2845.7, 2871.7, 2902.9, 3036.8, 2748.2, 2901.6, 2548, 3126.5, 3126.5, 3030.3, 3126.5),
(8, 4, 2618.2, 1862.9, 2741.7, 2886, 2206.1, 2992.6, 3052.4, 3109.6, 3113.5, 3233.1, 2982.2, 3112.2, 2697.5, 3391.7, 3391.7, 3287.34, 3391.7),
(9, 4.5, 2763.8, 1937, 2831.4, 3047.2, 2321.8, 3185, 3257.8, 3346.2, 3322.8, 3430.7, 3214.9, 3321.5, 2847, 3658.2, 3658.2, 3545.64, 3658.2),
(10, 5, 2909.4, 2011.1, 2921.1, 3207.1, 2437.5, 3378.7, 3464.5, 3582.8, 3533.4, 3627, 3448.9, 3532.1, 2996.5, 3923.4, 3923.4, 3802.68, 3923.4),
(11, 5.5, 1917.5, 1788.8, 1991.6, 1942.2, 1987.7, 2544.1, 3546.4, 2243.8, 2917.2, 3851.9, 2264.6, 3660.8, 2009.8, 2490.8, 2288, 2217.6, 2288),
(12, 6, 2003.3, 1873.3, 2085.2, 2022.8, 2073.5, 2666.3, 3710.2, 2310.1, 3082.3, 4062.5, 2373.8, 3829.8, 2099.5, 2611.7, 2398.5, 2324.7, 2398.5),
(13, 6.5, 2087.8, 1956.5, 2180.1, 2103.4, 2158, 2788.5, 3874, 2375.1, 3247.4, 4273.1, 2483, 3998.8, 2189.2, 2731.3, 2507.7, 2430.54, 2507.7),
(14, 7, 2173.6, 2041, 2275, 2184, 2243.8, 2910.7, 4037.8, 2440.1, 3412.5, 4483.7, 2592.2, 4167.8, 2278.9, 2852.2, 2618.2, 2537.64, 2618.2),
(15, 7.5, 2259.4, 2124.2, 2368.6, 2263.3, 2329.6, 3032.9, 4201.6, 2505.1, 3577.6, 4694.3, 2701.4, 4336.8, 2368.6, 2971.8, 2728.7, 2644.74, 2728.7),
(16, 8, 2345.2, 2207.4, 2463.5, 2343.9, 2415.4, 3153.8, 4365.4, 2570.1, 3744, 4904.9, 2810.6, 4505.8, 2458.3, 3091.4, 2839.2, 2751.84, 2839.2),
(17, 8.5, 2431, 2291.9, 2558.4, 2424.5, 2501.2, 3276, 4529.2, 2636.4, 3909.1, 5115.5, 2919.8, 4674.8, 2548, 3212.3, 2949.7, 2858.94, 2949.7),
(18, 9, 2516.8, 2375.1, 2652, 2505.1, 2587, 3398.2, 4693, 2701.4, 4074.2, 5326.1, 3029, 4843.8, 2637.7, 3331.9, 3060.2, 2966.04, 3060.2),
(19, 9.5, 2601.3, 2458.3, 2746.9, 2584.4, 2672.8, 3520.4, 4856.8, 2766.4, 4239.3, 5536.7, 3138.2, 5012.8, 2727.4, 3452.8, 3169.4, 3071.88, 3169.4),
(20, 10, 2687.1, 2542.8, 2841.8, 2665, 2758.6, 3642.6, 5020.6, 2831.4, 4404.4, 5747.3, 3247.4, 5181.8, 2817.1, 3572.4, 3279.9, 3178.98, 3279.9),
(21, 10.5, 3681.6, 2834, 4080.7, 3809, 3247.4, 3396.9, 5674.5, 3863.6, 4140.5, 6247.8, 4325.1, 5840.9, 3874, 4726.8, 4357.6, 4223.52, 4357.6),
(22, 11, 3784.3, 2919.8, 4169.1, 3901.3, 3348.8, 3524.3, 5885.1, 3993.6, 4283.5, 6494.8, 4459, 6059.3, 3981.9, 4875, 4494.1, 4355.82, 4494.1),
(23, 11.5, 3887, 3005.6, 4257.5, 3994.9, 3450.2, 3653, 6097, 4123.6, 4426.5, 6740.5, 4594.2, 6276.4, 4089.8, 5021.9, 4630.6, 4488.12, 4630.6),
(24, 12, 3989.7, 3091.4, 4345.9, 4087.2, 3551.6, 3781.7, 6308.9, 4253.6, 4570.8, 6987.5, 4729.4, 6494.8, 4197.7, 5170.1, 4765.8, 4619.16, 4765.8),
(25, 12.5, 4092.4, 3177.2, 4434.3, 4180.8, 3653, 3910.4, 6519.5, 4383.6, 4713.8, 7234.5, 4864.6, 6711.9, 4306.9, 5317, 4902.3, 4751.46, 4902.3),
(26, 13, 4196.4, 3263, 4522.7, 4273.1, 3754.4, 4037.8, 6731.4, 4513.6, 4856.8, 7480.2, 4999.8, 6929, 4414.8, 5465.2, 5038.8, 4883.76, 5038.8),
(27, 13.5, 4299.1, 3348.8, 4611.1, 4365.4, 3855.8, 4166.5, 6943.3, 4643.6, 4999.8, 7727.2, 5135, 7147.4, 4522.7, 5612.1, 5174, 5014.8, 5174),
(28, 14, 4401.8, 3434.6, 4699.5, 4459, 3957.2, 4295.2, 7153.9, 4773.6, 5144.1, 7972.9, 5268.9, 7364.5, 4631.9, 5760.3, 5310.5, 5147.1, 5310.5),
(29, 14.5, 4504.5, 3520.4, 4787.9, 4551.3, 4057.3, 4423.9, 7365.8, 4903.6, 5287.1, 8219.9, 5404.1, 7582.9, 4739.8, 5907.2, 5447, 5279.4, 5447),
(30, 15, 4607.2, 3606.2, 4876.3, 4644.9, 4158.7, 4551.3, 7577.7, 5033.6, 5430.1, 8466.9, 5539.3, 7800, 4847.7, 6055.4, 5582.2, 5410.44, 5582.2),
(31, 15.5, 4709.9, 3692, 4964.7, 4737.2, 4260.1, 4680, 7788.3, 5163.6, 5573.1, 8712.6, 5674.5, 8018.4, 4956.9, 6202.3, 5718.7, 5542.74, 5718.7),
(32, 16, 4813.9, 3777.8, 5053.1, 4830.8, 4361.5, 4808.7, 8000.2, 5294.9, 5717.4, 8959.6, 5809.7, 8235.5, 5064.8, 6350.5, 5855.2, 5675.04, 5855.2),
(33, 16.5, 4916.6, 3863.6, 5141.5, 4923.1, 4462.9, 4937.4, 8212.1, 5424.9, 5860.4, 9205.3, 5944.9, 8452.6, 5172.7, 6497.4, 5990.4, 5806.08, 5990.4),
(34, 17, 5019.3, 3949.4, 5229.9, 5015.4, 4564.3, 5066.1, 8422.7, 5554.9, 6003.4, 9452.3, 6080.1, 8671, 5281.9, 6645.6, 6126.9, 5938.38, 6126.9),
(35, 17.5, 5122, 4035.2, 5318.3, 5109, 4665.7, 5193.5, 8634.6, 5684.9, 6146.4, 9699.3, 6214, 8888.1, 5389.8, 6792.5, 6262.1, 6069.42, 6262.1),
(36, 18, 5224.7, 4121, 5406.7, 5201.3, 4767.1, 5322.2, 8846.5, 5814.9, 6290.7, 9945, 6349.2, 9106.5, 5497.7, 6940.7, 6398.6, 6201.72, 6398.6),
(37, 18.5, 5328.7, 4206.8, 5495.1, 5294.9, 4868.5, 5450.9, 9057.1, 5944.9, 6433.7, 10192, 6484.4, 9323.6, 5606.9, 7087.6, 6535.1, 6334.02, 6535.1),
(38, 19, 5431.4, 4292.6, 5583.5, 5387.2, 4969.9, 5579.6, 9269, 6074.9, 6576.7, 10437.7, 6619.6, 9542, 5714.8, 7235.8, 6670.3, 6465.06, 6670.3),
(39, 19.5, 5534.1, 4378.4, 5671.9, 5480.8, 5071.3, 5707, 9480.9, 6204.9, 6719.7, 10684.7, 6754.8, 9759.1, 5822.7, 7382.7, 6806.8, 6597.36, 6806.8),
(40, 20, 5636.8, 4464.2, 5760.3, 5573.1, 5172.7, 5835.7, 9691.5, 6334.9, 6864, 10930.4, 6890, 9977.5, 5931.9, 7530.9, 6943.3, 6729.66, 6943.3),
(41, 20.5, 5739.5, 4550, 5848.7, 5665.4, 5274.1, 5964.4, 9903.4, 6464.9, 7007, 11177.4, 7023.9, 10194.6, 6039.8, 7677.8, 7078.5, 6860.7, 7078.5),
(42, 21, 7000.5, 5053.1, 6913.4, 6383, 5809.7, 7086.3, 10991.5, 7270.9, 8608.6, 12841.4, 7442.5, 11289.2, 7351.5, 8170.5, 7777.9, 7538.58, 7777.9),
(43, 21.5, 7108.4, 5141.5, 7057.7, 6535.1, 5934.5, 7238.4, 11242.4, 7423, 8781.5, 13124.8, 7642.7, 11546.6, 7464.6, 8390.2, 7987.2, 7741.44, 7987.2),
(44, 22, 7216.3, 5229.9, 7202, 6688.5, 6059.3, 7391.8, 11493.3, 7575.1, 8953.1, 13406.9, 7842.9, 11805.3, 7579, 8609.9, 8196.5, 7944.3, 8196.5),
(45, 22.5, 7324.2, 5319.6, 7347.6, 6840.6, 6184.1, 7543.9, 11744.2, 7727.2, 9126, 13690.3, 8043.1, 12062.7, 7692.1, 8829.6, 8405.8, 8147.16, 8405.8),
(46, 23, 7433.4, 5408, 7491.9, 6994, 6308.9, 7696, 11995.1, 7879.3, 9298.9, 13973.7, 8243.3, 12320.1, 7805.2, 9049.3, 8615.1, 8350.02, 8615.1),
(47, 23.5, 7541.3, 5496.4, 7636.2, 7147.4, 6433.7, 7848.1, 12246, 8031.4, 9470.5, 14255.8, 8443.5, 12577.5, 7919.6, 9269, 8824.4, 8552.88, 8824.4),
(48, 24, 7649.2, 5586.1, 7781.8, 7299.5, 6558.5, 8000.2, 12496.9, 8183.5, 9643.4, 14539.2, 8643.7, 12834.9, 8032.7, 9488.7, 9033.7, 8755.74, 9033.7),
(49, 24.5, 7757.1, 5674.5, 7926.1, 7452.9, 6684.6, 8152.3, 12747.8, 8335.6, 9815, 14822.6, 8843.9, 13092.3, 8145.8, 9708.4, 9243, 8958.6, 9243),
(50, 25, 7865, 5762.9, 8070.4, 7605, 6809.4, 8305.7, 12997.4, 8487.7, 9987.9, 15104.7, 9044.1, 13351, 8260.2, 9928.1, 9452.3, 9161.46, 9452.3),
(51, 25.5, 7972.9, 5852.6, 8216, 7758.4, 6934.2, 8457.8, 13248.3, 8639.8, 10159.5, 15388.1, 9244.3, 13608.4, 8373.3, 10147.8, 9661.6, 9364.32, 9661.6),
(52, 26, 8080.8, 5941, 8360.3, 7911.8, 7059, 8609.9, 13499.2, 8791.9, 10332.4, 15671.5, 9444.5, 13865.8, 8486.4, 10367.5, 9870.9, 9567.18, 9870.9),
(53, 26.5, 8188.7, 6029.4, 8504.6, 8063.9, 7183.8, 8762, 13750.1, 8944, 10505.3, 15953.6, 9644.7, 14123.2, 8599.5, 10587.2, 10080.2, 9770.04, 10080.2),
(54, 27, 8297.9, 6119.1, 8648.9, 8217.3, 7308.6, 8914.1, 14001, 9096.1, 10676.9, 16237, 9844.9, 14380.6, 8713.9, 10806.9, 10289.5, 9972.9, 10289.5),
(55, 27.5, 8405.8, 6207.5, 8794.5, 8369.4, 7433.4, 9066.2, 14251.9, 9248.2, 10849.8, 16520.4, 10045.1, 14638, 8827, 11027.9, 10498.8, 10175.76, 10498.8),
(56, 28, 8513.7, 6295.9, 8938.8, 8522.8, 7558.2, 9218.3, 14502.8, 9400.3, 11021.4, 16802.5, 10245.3, 14896.7, 8940.1, 11247.6, 10708.1, 10378.62, 10708.1),
(57, 28.5, 8621.6, 6385.6, 9083.1, 8676.2, 7683, 9371.7, 14753.7, 9552.4, 11194.3, 17085.9, 10445.5, 15154.1, 9054.5, 11467.3, 10917.4, 10581.48, 10917.4),
(58, 29, 8729.5, 6474, 9228.7, 8828.3, 7809.1, 9523.8, 15004.6, 9704.5, 11365.9, 17369.3, 10645.7, 15411.5, 9167.6, 11687, 11126.7, 10784.34, 11126.7),
(59, 29.5, 8837.4, 6562.4, 9373, 8981.7, 7933.9, 9675.9, 15255.5, 9856.6, 11538.8, 17651.4, 10845.9, 15668.9, 9280.7, 11906.7, 11336, 10987.2, 11336),
(60, 30, 8945.3, 6652.1, 9517.3, 9133.8, 8058.7, 9828, 15506.4, 10008.7, 11711.7, 17934.8, 11046.1, 15926.3, 9393.8, 12126.4, 11545.3, 11190.06, 11545.3),
(61, 30.5, 9053.2, 6740.5, 9662.9, 9287.2, 8183.5, 9980.1, 15757.3, 10160.8, 11883.3, 18218.2, 11246.3, 16183.7, 9508.2, 12346.1, 11754.6, 11392.92, 11754.6),
(62, 31, 9161.1, 6828.9, 9807.2, 9440.6, 8308.3, 10132.2, 16008.2, 10312.9, 12056.2, 18500.3, 11446.5, 16442.4, 9621.3, 12565.8, 11963.9, 11595.78, 11963.9),
(63, 31.5, 9270.3, 6918.6, 9951.5, 9592.7, 8433.1, 10285.6, 16259.1, 10465, 12227.8, 18783.7, 11646.7, 16699.8, 9734.4, 12785.5, 12173.2, 11798.64, 12173.2),
(64, 32, 9378.2, 7007, 10095.8, 9746.1, 8557.9, 10437.7, 16510, 10617.1, 12400.7, 19067.1, 11846.9, 16957.2, 9848.8, 13005.2, 12381.2, 12000.24, 12381.2),
(65, 32.5, 9486.1, 7095.4, 10241.4, 9898.2, 8682.7, 10589.8, 16759.6, 10769.2, 12573.6, 19349.2, 12047.1, 17214.6, 9961.9, 13224.9, 12590.5, 12203.1, 12590.5),
(66, 33, 9594, 7185.1, 10385.7, 10051.6, 8808.8, 10741.9, 17010.5, 10921.3, 12745.2, 19632.6, 12247.3, 17472, 10075, 13444.6, 12799.8, 12405.96, 12799.8),
(67, 33.5, 9701.9, 7273.5, 10530, 10205, 8933.6, 10894, 17261.4, 11073.4, 12918.1, 19916, 12447.5, 17729.4, 10188.1, 13664.3, 13009.1, 12608.82, 13009.1),
(68, 34, 9809.8, 7361.9, 10675.6, 10357.1, 9058.4, 11046.1, 17512.3, 11225.5, 13089.7, 20198.1, 12647.7, 17988.1, 10302.5, 13884, 13218.4, 12811.68, 13218.4),
(69, 34.5, 9917.7, 7451.6, 10819.9, 10510.5, 9183.2, 11198.2, 17763.2, 11377.6, 13262.6, 20481.5, 12847.9, 18245.5, 10415.6, 14103.7, 13427.7, 13014.54, 13427.7),
(70, 35, 10025.6, 7540, 10964.2, 10662.6, 9308, 11351.6, 18014.1, 11529.7, 13434.2, 20764.9, 13048.1, 18502.9, 10528.7, 14324.7, 13637, 13217.4, 13637),
(71, 35.5, 10134.8, 7629.7, 11109.8, 10816, 9432.8, 11503.7, 18265, 11681.8, 13607.1, 21047, 13248.3, 18760.3, 10643.1, 14544.4, 13846.3, 13420.26, 13846.3),
(72, 36, 10242.7, 7718.1, 11254.1, 10969.4, 9557.6, 11655.8, 18515.9, 11833.9, 13780, 21330.4, 13448.5, 19017.7, 10756.2, 14764.1, 14055.6, 13623.12, 14055.6),
(73, 36.5, 10350.6, 7806.5, 11398.4, 11121.5, 9682.4, 11807.9, 18766.8, 11986, 13951.6, 21613.8, 13648.7, 19275.1, 10869.3, 14983.8, 14264.9, 13825.98, 14264.9),
(74, 37, 10458.5, 7896.2, 11542.7, 11274.9, 9807.2, 11960, 19017.7, 12138.1, 14124.5, 21895.9, 13848.9, 19533.8, 10983.7, 15203.5, 14474.2, 14028.84, 14474.2),
(75, 37.5, 10566.4, 7984.6, 11688.3, 11427, 9933.3, 12112.1, 19268.6, 12290.2, 14296.1, 22179.3, 14049.1, 19791.2, 11096.8, 15423.2, 14683.5, 14231.7, 14683.5),
(76, 38, 10674.3, 8073, 11832.6, 11580.4, 10058.1, 12264.2, 19519.5, 12442.3, 14469, 22462.7, 14250.6, 20048.6, 11209.9, 15642.9, 14892.8, 14434.56, 14892.8),
(77, 38.5, 10782.2, 8162.7, 11976.9, 11733.8, 10182.9, 12417.6, 19770.4, 12594.4, 14640.6, 22744.8, 14450.8, 20306, 11323, 15862.6, 15102.1, 14637.42, 15102.1),
(78, 39, 10890.1, 8251.1, 12122.5, 11885.9, 10307.7, 12569.7, 20021.3, 12746.5, 14813.5, 23028.2, 14651, 20563.4, 11437.4, 16082.3, 15311.4, 14840.28, 15311.4),
(79, 39.5, 10999.3, 8339.5, 12266.8, 12039.3, 10432.5, 12721.8, 20270.9, 12898.6, 14986.4, 23311.6, 14851.2, 20820.8, 11550.5, 16302, 15520.7, 15043.14, 15520.7),
(80, 40, 11107.2, 8429.2, 12411.1, 12191.4, 10557.3, 12873.9, 20521.8, 13050.7, 15158, 23593.7, 15051.4, 21078.2, 11663.6, 16521.7, 15730, 15246, 15730),
(81, 40.5, 11215.1, 8517.6, 12556.7, 12344.8, 10682.1, 13026, 20772.7, 13202.8, 15330.9, 23877.1, 15251.6, 21336.9, 11778, 16741.4, 15939.3, 15448.86, 15939.3),
(82, 41, 11323, 8606, 12701, 12498.2, 10806.9, 13178.1, 21023.6, 13354.9, 15502.5, 24160.5, 15451.8, 21594.3, 11891.1, 16961.1, 16148.6, 15651.72, 16148.6),
(83, 41.5, 11430.9, 8695.7, 12845.3, 12650.3, 10931.7, 13331.5, 21274.5, 13507, 15675.4, 24442.6, 15652, 21851.7, 12004.2, 17180.8, 16357.9, 15854.58, 16357.9),
(84, 42, 11538.8, 8784.1, 12989.6, 12803.7, 11057.8, 13483.6, 21525.4, 13659.1, 15847, 24726, 15852.2, 22109.1, 12117.3, 17400.5, 16567.2, 16057.44, 16567.2),
(85, 42.5, 11646.7, 8872.5, 13135.2, 12955.8, 11182.6, 13635.7, 21776.3, 13811.2, 16019.9, 25009.4, 16052.4, 22366.5, 12231.7, 17621.5, 16776.5, 16260.3, 16776.5),
(86, 43, 11754.6, 8962.2, 13279.5, 13109.2, 11307.4, 13787.8, 22027.2, 13963.3, 16192.8, 25291.5, 16252.6, 22623.9, 12344.8, 17841.2, 16985.8, 16463.16, 16985.8),
(87, 43.5, 11863.8, 9050.6, 13423.8, 13262.6, 11432.2, 13939.9, 22278.1, 14115.4, 16364.4, 25574.9, 16452.8, 22882.6, 12457.9, 18060.9, 17195.1, 16666.02, 17195.1),
(88, 44, 11971.7, 9139, 13569.4, 13414.7, 11557, 14092, 22529, 14267.5, 16537.3, 25858.3, 16653, 23140, 12572.3, 18280.6, 17404.4, 16868.88, 17404.4),
(89, 44.5, 12079.6, 9228.7, 13713.7, 13568.1, 11681.8, 14244.1, 22779.9, 14419.6, 16708.9, 26140.4, 16853.2, 23397.4, 12685.4, 18500.3, 17613.7, 17071.74, 17613.7),
(90, 45, 14709.5, 10695.1, 15425.8, 14739.4, 12368.2, 15909.4, 24654.5, 16177.2, 19067.1, 29019.9, 17921.8, 25435.8, 15445.3, 19457.1, 17793.1, 17245.62, 17793.1),
(91, 45.5, 14874.6, 10804.3, 15585.7, 14877.2, 12491.7, 16025.1, 24909.3, 16316.3, 19253, 29292.9, 18102.5, 25697.1, 15618.2, 19654.7, 17973.8, 17420.76, 17973.8),
(92, 46, 15041, 10914.8, 15744.3, 15015, 12615.2, 16140.8, 25162.8, 16454.1, 19438.9, 29567.2, 18284.5, 25959.7, 15792.4, 19851, 18153.2, 17594.64, 18153.2),
(93, 46.5, 15206.1, 11024, 15904.2, 15152.8, 12738.7, 16256.5, 25416.3, 16593.2, 19624.8, 29841.5, 18465.2, 26221, 15966.6, 20048.6, 18333.9, 17769.78, 18333.9),
(94, 47, 15372.5, 11134.5, 16064.1, 15290.6, 12860.9, 16372.2, 25671.1, 16731, 19810.7, 30114.5, 18647.2, 26482.3, 16140.8, 20244.9, 18513.3, 17943.66, 18513.3),
(95, 47.5, 15537.6, 11243.7, 16222.7, 15428.4, 12984.4, 16487.9, 25924.6, 16870.1, 19997.9, 30388.8, 18827.9, 26744.9, 16315, 20442.5, 18694, 18118.8, 18694),
(96, 48, 15702.7, 11354.2, 16382.6, 15566.2, 13107.9, 16602.3, 26178.1, 17009.2, 20183.8, 30661.8, 19009.9, 27006.2, 16487.9, 20638.8, 18874.7, 18293.94, 18874.7),
(97, 48.5, 15869.1, 11463.4, 16542.5, 15704, 13231.4, 16718, 26431.6, 17147, 20369.7, 30936.1, 19191.9, 27268.8, 16662.1, 20836.4, 19054.1, 18467.82, 19054.1),
(98, 49, 16034.2, 11573.9, 16702.4, 15841.8, 13354.9, 16833.7, 26686.4, 17286.1, 20555.6, 31209.1, 19372.6, 27530.1, 16836.3, 21034, 19234.8, 18642.96, 19234.8),
(99, 49.5, 16200.6, 11683.1, 16861, 15979.6, 13477.1, 16949.4, 26939.9, 17423.9, 20741.5, 31483.4, 19554.6, 27792.7, 17010.5, 21230.3, 19414.2, 18816.84, 19414.2),
(100, 50, 16365.7, 11793.6, 17020.9, 16117.4, 13600.6, 17065.1, 27193.4, 17563, 20928.7, 31757.7, 19735.3, 28054, 17184.7, 21427.9, 19594.9, 18991.98, 19594.9),
(101, 50.5, 16532.1, 11902.8, 17180.8, 16255.2, 13724.1, 17179.5, 27448.2, 17702.1, 21114.6, 32030.7, 19917.3, 28316.6, 17358.9, 21624.2, 19775.6, 19167.12, 19775.6),
(102, 51, 16697.2, 12013.3, 17339.4, 16393, 13847.6, 17295.2, 27701.7, 17839.9, 21300.5, 32305, 20099.3, 28577.9, 17531.8, 21821.8, 19955, 19341, 19955),
(103, 51.5, 16863.6, 12122.5, 17499.3, 16530.8, 13971.1, 17410.9, 27955.2, 17979, 21486.4, 32578, 20280, 28840.5, 17706, 22018.1, 20135.7, 19516.14, 20135.7),
(104, 52, 17028.7, 12233, 17659.2, 16668.6, 14094.6, 17526.6, 28208.7, 18116.8, 21672.3, 32852.3, 20462, 29101.8, 17880.2, 22215.7, 20315.1, 19690.02, 20315.1),
(105, 52.5, 17193.8, 12342.2, 17819.1, 16806.4, 14216.8, 17642.3, 28463.5, 18255.9, 21859.5, 33125.3, 20642.7, 29364.4, 18054.4, 22412, 20495.8, 19865.16, 20495.8),
(106, 53, 17360.2, 12452.7, 17977.7, 16944.2, 14340.3, 17756.7, 28717, 18395, 22045.4, 33399.6, 20824.7, 29625.7, 18228.6, 22609.6, 20675.2, 20039.04, 20675.2),
(107, 53.5, 17525.3, 12561.9, 18137.6, 17082, 14463.8, 17872.4, 28970.5, 18532.8, 22231.3, 33672.6, 21005.4, 29888.3, 18401.5, 22805.9, 20855.9, 20214.18, 20855.9),
(108, 54, 17691.7, 12672.4, 18297.5, 17219.8, 14587.3, 17988.1, 29225.3, 18671.9, 22417.2, 33946.9, 21187.4, 30149.6, 18575.7, 23003.5, 21036.6, 20389.32, 21036.6),
(109, 54.5, 17856.8, 12781.6, 18457.4, 17357.6, 14710.8, 18103.8, 29478.8, 18809.7, 22603.1, 34221.2, 21369.4, 30410.9, 18749.9, 23201.1, 21216, 20563.2, 21216),
(110, 55, 18023.2, 12892.1, 18616, 17495.4, 14834.3, 18219.5, 29732.3, 18948.8, 22790.3, 34494.2, 21550.1, 30673.5, 18924.1, 23397.4, 21396.7, 20738.34, 21396.7),
(111, 55.5, 18188.3, 13001.3, 18775.9, 17633.2, 14956.5, 18335.2, 29985.8, 19087.9, 22976.2, 34768.5, 21732.1, 30934.8, 19098.3, 23595, 21576.1, 20912.22, 21576.1),
(112, 56, 18354.7, 13110.5, 18935.8, 17771, 15080, 18449.6, 30240.6, 19225.7, 23162.1, 35041.5, 21912.8, 31197.4, 19271.2, 23791.3, 21756.8, 21087.36, 21756.8),
(113, 56.5, 18519.8, 13221, 19094.4, 17908.8, 15203.5, 18565.3, 30494.1, 19364.8, 23348, 35315.8, 22094.8, 31458.7, 19445.4, 23988.9, 21937.5, 21262.5, 21937.5),
(114, 57, 18684.9, 13330.2, 19254.3, 18046.6, 15327, 18681, 30747.6, 19502.6, 23533.9, 35588.8, 22275.5, 31721.3, 19619.6, 24185.2, 22116.9, 21436.38, 22116.9),
(115, 57.5, 18851.3, 13440.7, 19414.2, 18184.4, 15450.5, 18796.7, 31002.4, 19641.7, 23721.1, 35863.1, 22457.5, 31982.6, 19793.8, 24382.8, 22297.6, 21611.52, 22297.6),
(116, 58, 19016.4, 13549.9, 19574.1, 18322.2, 15574, 18912.4, 31255.9, 19780.8, 23907, 36136.1, 22639.5, 32245.2, 19968, 24579.1, 22477, 21785.4, 22477),
(117, 58.5, 19182.8, 13660.4, 19732.7, 18460, 15696.2, 19026.8, 31509.4, 19918.6, 24092.9, 36410.4, 22820.2, 32506.5, 20142.2, 24776.7, 22657.7, 21960.54, 22657.7),
(118, 59, 19347.9, 13769.6, 19892.6, 18597.8, 15819.7, 19142.5, 31762.9, 20057.7, 24278.8, 36684.7, 23002.2, 32769.1, 20315.1, 24973, 22837.1, 22134.42, 22837.1),
(119, 59.5, 19514.3, 13880.1, 20052.5, 18735.6, 15943.2, 19258.2, 32017.7, 20195.5, 24464.7, 36957.7, 23182.9, 33030.4, 20489.3, 25170.6, 23017.8, 22309.56, 23017.8),
(120, 60, 19679.4, 13989.3, 20211.1, 18873.4, 16066.7, 19373.9, 32271.2, 20334.6, 24651.9, 37232, 23364.9, 33293, 20663.5, 25368.2, 23198.5, 22484.7, 23198.5),
(121, 60.5, 19844.5, 14099.8, 20371, 19011.2, 16190.2, 19489.6, 32524.7, 20473.7, 24837.8, 37505, 23546.9, 33554.3, 20837.7, 25564.5, 23377.9, 22658.58, 23377.9),
(122, 61, 20010.9, 14209, 20530.9, 19149, 16313.7, 19604, 32779.5, 20611.5, 25023.7, 37779.3, 23727.6, 33816.9, 21011.9, 25762.1, 23558.6, 22833.72, 23558.6),
(123, 61.5, 20176, 14319.5, 20690.8, 19286.8, 16435.9, 19719.7, 33033, 20750.6, 25209.6, 38052.3, 23909.6, 34078.2, 21184.8, 25958.4, 23738, 23007.6, 23738),
(124, 62, 20342.4, 14428.7, 20849.4, 19424.6, 16559.4, 19835.4, 33286.5, 20888.4, 25395.5, 38326.6, 24090.3, 34340.8, 21359, 26156, 23918.7, 23182.74, 23918.7),
(125, 62.5, 20507.5, 14539.2, 21009.3, 19562.4, 16682.9, 19951.1, 33541.3, 21027.5, 25582.7, 38600.9, 24272.3, 34602.1, 21533.2, 26352.3, 24099.4, 23357.88, 24099.4),
(126, 63, 20673.9, 14648.4, 21169.2, 19700.2, 16806.4, 20066.8, 33794.8, 21166.6, 25768.6, 38873.9, 24453, 34863.4, 21707.4, 26549.9, 24278.8, 23531.76, 24278.8),
(127, 63.5, 20839, 14758.9, 21327.8, 19838, 16929.9, 20181.2, 34048.3, 21304.4, 25954.5, 39148.2, 24635, 35126, 21881.6, 26746.2, 24459.5, 23706.9, 24459.5),
(128, 64, 21005.4, 14868.1, 21487.7, 19975.8, 17053.4, 20296.9, 34301.8, 21443.5, 26140.4, 39421.2, 24817, 35387.3, 22054.5, 26943.8, 24638.9, 23880.78, 24638.9),
(129, 64.5, 21170.5, 14978.6, 21647.6, 20113.6, 17175.6, 20412.6, 34556.6, 21581.3, 26326.3, 39695.5, 24997.7, 35649.9, 22228.7, 27140.1, 24819.6, 24055.92, 24819.6),
(130, 65, 21335.6, 15087.8, 21807.5, 20251.4, 17299.1, 20528.3, 34810.1, 21720.4, 26513.5, 39968.5, 25179.7, 35911.2, 22402.9, 27337.7, 24999, 24229.8, 24999),
(131, 65.5, 21502, 15197, 21966.1, 20389.2, 17422.6, 20644, 35063.6, 21859.5, 26699.4, 40242.8, 25360.4, 36173.8, 22577.1, 27534, 25179.7, 24404.94, 25179.7),
(132, 66, 21667.1, 15307.5, 22126, 20527, 17546.1, 20759.7, 35318.4, 21997.3, 26885.3, 40515.8, 25542.4, 36435.1, 22751.3, 27731.6, 25360.4, 24580.08, 25360.4),
(133, 66.5, 21833.5, 15416.7, 22285.9, 20664.8, 17669.6, 20874.1, 35571.9, 22136.4, 27071.2, 40790.1, 25724.4, 36697.7, 22925.5, 27929.2, 25539.8, 24753.96, 25539.8),
(134, 67, 21998.6, 15527.2, 22445.8, 20802.6, 17793.1, 20989.8, 35825.4, 22274.2, 27257.1, 41064.4, 25905.1, 36959, 23098.4, 28125.5, 25720.5, 24929.1, 25720.5),
(135, 67.5, 22165, 15636.4, 22604.4, 20940.4, 17915.3, 21105.5, 36078.9, 22413.3, 27444.3, 41337.4, 26087.1, 37221.6, 23272.6, 28323.1, 25899.9, 25102.98, 25899.9),
(136, 68, 22330.1, 15746.9, 22764.3, 21078.2, 18038.8, 21221.2, 36333.7, 22552.4, 27630.2, 41611.7, 26267.8, 37482.9, 23446.8, 28519.4, 26080.6, 25278.12, 26080.6),
(137, 68.5, 22496.5, 15856.1, 22924.2, 21216, 18162.3, 21336.9, 36587.2, 22690.2, 27816.1, 41884.7, 26449.8, 37745.5, 23621, 28717, 26261.3, 25453.26, 26261.3),
(138, 69, 22661.6, 15966.6, 23082.8, 21353.8, 18285.8, 21451.3, 36840.7, 22829.3, 28002, 42159, 26630.5, 38006.8, 23795.2, 28913.3, 26440.7, 25627.14, 26440.7),
(139, 69.5, 22826.7, 16075.8, 23242.7, 21491.6, 18409.3, 21567, 37095.5, 22967.1, 28187.9, 42432, 26812.5, 38269.4, 23968.1, 29110.9, 26621.4, 25802.28, 26621.4),
(140, 70, 22993.1, 16186.3, 23402.6, 21629.4, 18532.8, 21682.7, 37349, 23106.2, 28375.1, 42706.3, 26994.5, 38530.7, 24142.3, 29307.2, 26800.8, 25976.16, 26800.8),
(141, 70.5, 23158.2, 16295.5, 23562.5, 21767.2, 18655, 21798.4, 37602.5, 23245.3, 28561, 42979.3, 27175.2, 38792, 24316.5, 29504.8, 26981.5, 26151.3, 26981.5);

-- --------------------------------------------------------

--
-- Table structure for table `fedex_surchage`
--

CREATE TABLE `fedex_surchage` (
  `id` int(11) NOT NULL,
  `charge` double NOT NULL,
  `freight_charge` double NOT NULL,
  `fuel_surchage` double NOT NULL,
  `gst` double NOT NULL
) ENGINE=InnoDB DEFAULT CHARSET=utf8mb4;

--
-- Dumping data for table `fedex_surchage`
--

INSERT INTO `fedex_surchage` (`id`, `charge`, `freight_charge`, `fuel_surchage`, `gst`) VALUES
(1, 0.15, 17, 0.27, 0.18);

-- --------------------------------------------------------

--
-- Table structure for table `main-admin`
--

CREATE TABLE `main-admin` (
  `id` int(11) NOT NULL,
  `email` varchar(300) NOT NULL,
  `username` varchar(300) NOT NULL,
  `position` varchar(255) NOT NULL
) ENGINE=MyISAM DEFAULT CHARSET=utf8mb4;

--
-- Dumping data for table `main-admin`
--

INSERT INTO `main-admin` (`id`, `email`, `username`, `position`) VALUES
(1, 'mainadmin@gmail.com', 'Ekhaya Remit Admin', 'CEO'),
(2, 'john@gmail.com', 'John Robson', 'manager'),
(3, 'peter@gmail.com', 'Peter', 'Secretary'),
(4, 'ekhaya@gmail.com', 'Ekhaya Remit', 'CEO');

-- --------------------------------------------------------

--
-- Table structure for table `master_shipments`
--

CREATE TABLE `master_shipments` (
  `id` int(11) NOT NULL,
  `shipment_number` int(11) NOT NULL,
  `name` text NOT NULL,
  `awb` varchar(255) NOT NULL,
  `date` datetime NOT NULL,
  `company` text NOT NULL,
  `shipments_from` int(11) NOT NULL,
  `shipments_to` int(11) NOT NULL,
  `status` text NOT NULL,
  `amount` double NOT NULL,
  `number_of_shipments` int(11) NOT NULL,
  `total_weight` double NOT NULL
) ENGINE=InnoDB DEFAULT CHARSET=utf8mb4;

--
-- Dumping data for table `master_shipments`
--

INSERT INTO `master_shipments` (`id`, `shipment_number`, `name`, `awb`, `date`, `company`, `shipments_from`, `shipments_to`, `status`, `amount`, `number_of_shipments`, `total_weight`) VALUES
(1, 1, 'SHIPMENT-NO-1-dated-17-04-2021', '', '2021-04-17 15:14:34', 'Fedex', 0, 0, '', 0, 0, 0),
(2, 2, 'SHIPMENT-NO-2-dated-17-04-2021', '', '2021-04-17 19:02:41', 'Fedex', 0, 0, '', 0, 0, 0),
(3, 3, 'SHIPMENT-NO-3-dated-19-04-2021', '', '2021-04-19 16:20:04', 'Fedex', 0, 0, '', 0, 0, 0),
(5, 4, 'SHIPMENT-NO-4-dated-28-04-2021', '', '2021-04-28 21:44:42', 'Fedex', 0, 0, '', 0, 0, 0),
(7, 5, 'SHIPMENT-NO-5-dated-10-05-2021', '', '2021-05-10 01:32:55', 'Fedex', 0, 0, '', 0, 0, 0),
(8, 6, 'SHIPMENT-NO-6-dated-05-06-2021', '', '2021-06-05 12:14:48', 'Fedex', 0, 0, '', 0, 0, 0),
(9, 7, 'SHIPMENT-NO-7-dated-05-06-2021', '', '2021-06-05 12:28:17', 'Fedex', 0, 0, '', 0, 0, 0),
(10, 8, 'SHIPMENT-NO-8-dated-20-06-2021', '', '2021-06-20 12:48:35', 'Aramex', 0, 0, '', 0, 0, 0),
(12, 9, 'SHIPMENT-NO-9-dated-06-07-2021', '', '2021-07-06 00:00:00', 'UPS', 0, 0, '', 0, 0, 0),
(13, 10, 'SHIPMENT-NO-10-dated-02-08-2021', '', '2021-08-02 00:00:00', 'Aramex', 0, 0, '', 0, 0, 0),
(14, 11, 'SHIPMENT-NO-11-dated-02-08-2021', '', '2021-08-02 00:00:00', 'Aramex', 0, 0, '', 0, 0, 0),
(15, 12, 'SHIPMENT-NO-12-dated-02-08-2021', '', '2021-08-02 00:00:00', 'Aramex', 0, 0, '', 0, 0, 0),
(16, 13, 'SHIPMENT-NO-13-dated-02-09-2021', '', '2021-09-02 00:00:00', 'Aramex', 0, 0, '', 0, 0, 0),
(17, 14, 'SHIPMENT-NO-14-dated-04-08-2021', '', '2021-08-04 00:00:00', 'Aramex', 0, 0, '', 0, 0, 0),
(18, 15, 'SHIPMENT-NO-15-dated-05-08-2021', '', '2021-08-05 00:00:00', 'Aramex', 0, 0, '', 0, 0, 0),
(19, 16, 'SHIPMENT-NO-16-dated-23-01-2022', '', '2022-01-23 00:00:00', 'Fedex', 0, 0, '', 0, 0, 0);

-- --------------------------------------------------------

--
-- Table structure for table `packages`
--

CREATE TABLE `packages` (
  `package_id` int(11) NOT NULL,
  `package_number` int(11) NOT NULL,
  `sender_name` varchar(500) NOT NULL,
  `description` varchar(500) NOT NULL,
  `sender_email` varchar(300) NOT NULL,
  `sender_phone` varchar(300) NOT NULL,
  `sender_country` varchar(255) NOT NULL,
  `receiver_name` varchar(255) NOT NULL,
  `receiver_email` varchar(300) NOT NULL,
  `receiver_phone` varchar(255) NOT NULL,
  `receiver_country` varchar(255) NOT NULL,
  `shipped_to` text NOT NULL,
  `shipped_from` text NOT NULL,
  `weight1` double NOT NULL,
  `quantity` int(11) NOT NULL,
  `volumetric_weight` double NOT NULL,
  `date_requested` datetime NOT NULL,
  `tracking_id` varchar(255) NOT NULL,
  `processed` varchar(255) NOT NULL,
  `processed_time` datetime NOT NULL,
  `accepted` text NOT NULL,
  `clearance_india` text NOT NULL,
  `shipped` varchar(255) NOT NULL,
  `shipped_time` datetime NOT NULL,
  `in_route` varchar(255) NOT NULL,
  `in_route_time` datetime NOT NULL,
  `arrived` varchar(255) NOT NULL,
  `arrived_time` datetime NOT NULL,
  `clearance_zim` text NOT NULL,
  `ready` text NOT NULL,
  `delivered` varchar(400) NOT NULL,
  `delivered_time` datetime NOT NULL,
  `customer_id` int(11) NOT NULL,
  `image` varchar(400) NOT NULL,
  `qrcode` varchar(300) NOT NULL,
  `currency` varchar(80) NOT NULL,
  `amount` double NOT NULL,
  `add_info` text NOT NULL,
  `payment_method` text NOT NULL,
  `due` date NOT NULL,
  `master_id` int(11) NOT NULL,
  `master_shipment_number` int(11) NOT NULL,
  `label_number` text NOT NULL,
  `master_awb` int(11) NOT NULL,
  `paid` double NOT NULL,
  `balance` double NOT NULL
) ENGINE=MyISAM DEFAULT CHARSET=utf8mb4;

--
-- Dumping data for table `packages`
--

INSERT INTO `packages` (`package_id`, `package_number`, `sender_name`, `description`, `sender_email`, `sender_phone`, `sender_country`, `receiver_name`, `receiver_email`, `receiver_phone`, `receiver_country`, `shipped_to`, `shipped_from`, `weight1`, `quantity`, `volumetric_weight`, `date_requested`, `tracking_id`, `processed`, `processed_time`, `accepted`, `clearance_india`, `shipped`, `shipped_time`, `in_route`, `in_route_time`, `arrived`, `arrived_time`, `clearance_zim`, `ready`, `delivered`, `delivered_time`, `customer_id`, `image`, `qrcode`, `currency`, `amount`, `add_info`, `payment_method`, `due`, `master_id`, `master_shipment_number`, `label_number`, `master_awb`, `paid`, `balance`) VALUES
(1, 1, 'Panashe C Magurah', 'Clothes', '', '', '', 'Nyasha A Magurah', '', '+263772844808', '', 'Zimbabwe', 'India', 1, 1, 1, '0000-00-00 00:00:00', 'EKL0300001', '', '0000-00-00 00:00:00', '', '', 'active', '2021-04-17 15:25:10', '', '0000-00-00 00:00:00', '', '0000-00-00 00:00:00', '', '', '', '0000-00-00 00:00:00', 0, '', '', '', 2800, '', 'PREPAID', '2021-04-28', 1, 1, 'EKL1', 0, 2800, 0),
(2, 2, 'eMari-India', 'Samsung Mobile Phone', '', '', '', 'Vincent Mangisai', '', '+263783768152', '', 'Zimbabwe', 'India', 1, 1, 1, '0000-00-00 00:00:00', 'EKL0300002', '', '0000-00-00 00:00:00', '', '', 'active', '2021-04-17 15:30:54', '', '0000-00-00 00:00:00', '', '0000-00-00 00:00:00', '', '', '', '0000-00-00 00:00:00', 0, '', '', '', 0, '', 'PREPAID', '2021-04-28', 1, 1, 'EKL2', 0, 0, 0),
(3, 3, 'Ekhaya Logistics Pvt Ltd India', 'Samsung Mobile Phone', '', '', '', 'Russel Karowangoma', '', '+263774453652', '', 'Zimbabwe', 'India', 1, 1, 1, '0000-00-00 00:00:00', 'EKL0300003', '', '0000-00-00 00:00:00', '', '', 'active', '2021-04-17 15:32:16', '', '0000-00-00 00:00:00', '', '0000-00-00 00:00:00', '', '', '', '0000-00-00 00:00:00', 0, '', '', '', 0, '', 'PREPAID', '2021-04-28', 1, 1, 'EKL3', 0, 0, 0),
(4, 4, 'Ekhaya Logistics Pvt Ltd India', 'Virat Kohli Cricket Jersey', '', '', '', 'Todd', '', '+263777205966', '', 'Zimbabwe', 'India', 1, 1, 1, '0000-00-00 00:00:00', 'EKL0300004', '', '0000-00-00 00:00:00', '', '', 'active', '2021-04-17 15:33:40', '', '0000-00-00 00:00:00', '', '0000-00-00 00:00:00', '', '', '', '0000-00-00 00:00:00', 0, '', '', '', 10, '', 'COD', '2021-04-28', 1, 1, 'EKL4', 0, 10, 0),
(5, 5, 'Egesta Tatenda Taruwinga', 'Baby Wear', '', '', '', 'Angel Taruwinga', '', '+263773261284', '', 'Zimbabwe', 'India', 1, 1, 1, '0000-00-00 00:00:00', 'EKL0300005', '', '0000-00-00 00:00:00', '', '', 'active', '2021-04-17 15:35:29', '', '0000-00-00 00:00:00', '', '0000-00-00 00:00:00', '', '', '', '0000-00-00 00:00:00', 0, '', '', '', 37, '', 'COD', '2021-04-28', 1, 1, 'EKL5', 0, 37, 0),
(6, 6, 'Ekhaya Logistics Pvt Ltd India', 'HP laptop', '', '', '', 'Terence Sibanda', '', '+263786819539', '', 'Zimbabwe', 'India', 1, 1, 1, '0000-00-00 00:00:00', 'EKL0300006', '', '0000-00-00 00:00:00', '', '', 'active', '2021-04-17 15:37:23', '', '0000-00-00 00:00:00', '', '0000-00-00 00:00:00', '', '', '', '0000-00-00 00:00:00', 0, '', '', '', 20, '', 'COD', '2021-04-28', 1, 1, 'EKL6A', 0, 0, 20),
(7, 6, 'Ekhaya Logistics Pvt Ltd India', 'Hp Laptop Charge', '', '', '', 'Terence Sibanda', '', '+263786819539', '', 'Zimbabwe', 'India', 1, 1, 1, '0000-00-00 00:00:00', 'EKL0300006', '', '0000-00-00 00:00:00', '', '', 'active', '2021-04-17 15:38:28', '', '0000-00-00 00:00:00', '', '0000-00-00 00:00:00', '', '', '', '0000-00-00 00:00:00', 0, '', '', '', 0, '', 'COD', '2021-04-28', 1, 1, 'EKL6B', 0, 0, 0),
(8, 1, 'Panashe C Magurah', 'Clothes', '', '', '', 'Nyasha A Magurah', '', '+263772844808', '', 'Zimbabwe', 'India', 1, 1, 1, '0000-00-00 00:00:00', 'EKL0300001', '', '0000-00-00 00:00:00', '', '', 'active', '2021-04-17 15:25:10', '', '0000-00-00 00:00:00', '', '0000-00-00 00:00:00', '', '', '', '0000-00-00 00:00:00', 0, '', '', '', 2800, '', 'PREPAID', '2021-04-28', 1, 1, 'EKL1', 0, 2800, 0),
(9, 2, 'eMari-India', 'Samsung Mobile Phone', '', '', '', 'Vincent Mangisai', '', '+263783768152', '', 'Zimbabwe', 'India', 1, 1, 1, '0000-00-00 00:00:00', 'EKL0300002', '', '0000-00-00 00:00:00', '', '', 'active', '2021-04-17 15:30:54', '', '0000-00-00 00:00:00', '', '0000-00-00 00:00:00', '', '', '', '0000-00-00 00:00:00', 0, '', '', '', 0, '', 'PREPAID', '2021-04-28', 1, 1, 'EKL2', 0, 0, 0),
(10, 3, 'Ekhaya Logistics Pvt Ltd India', 'Samsung Mobile Phone', '', '', '', 'Russel Karowangoma', '', '+263774453652', '', 'Zimbabwe', 'India', 1, 1, 1, '0000-00-00 00:00:00', 'EKL0300003', '', '0000-00-00 00:00:00', '', '', 'active', '2021-04-17 15:32:16', '', '0000-00-00 00:00:00', '', '0000-00-00 00:00:00', '', '', '', '0000-00-00 00:00:00', 0, '', '', '', 0, '', 'PREPAID', '2021-04-28', 1, 1, 'EKL3', 0, 0, 0),
(11, 4, 'Ekhaya Logistics Pvt Ltd India', 'Virat Kohli Cricket Jersey', '', '', '', 'Todd', '', '+263777205966', '', 'Zimbabwe', 'India', 1, 1, 1, '0000-00-00 00:00:00', 'EKL0300004', '', '0000-00-00 00:00:00', '', '', 'active', '2021-04-17 15:33:40', '', '0000-00-00 00:00:00', '', '0000-00-00 00:00:00', '', '', '', '0000-00-00 00:00:00', 0, '', '', '', 10, '', 'COD', '2021-04-28', 1, 1, 'EKL4', 0, 10, 0),
(12, 5, 'Egesta Tatenda Taruwinga', 'Baby Wear', '', '', '', 'Angel Taruwinga', '', '+263773261284', '', 'Zimbabwe', 'India', 1, 1, 1, '0000-00-00 00:00:00', 'EKL0300005', '', '0000-00-00 00:00:00', '', '', 'active', '2021-04-17 15:35:29', '', '0000-00-00 00:00:00', '', '0000-00-00 00:00:00', '', '', '', '0000-00-00 00:00:00', 0, '', '', '', 37, '', 'COD', '2021-04-28', 1, 1, 'EKL5', 0, 37, 0),
(13, 6, 'Ekhaya Logistics Pvt Ltd India', 'HP laptop', '', '', '', 'Terence Sibanda', '', '+263786819539', '', 'Zimbabwe', 'India', 1, 1, 1, '0000-00-00 00:00:00', 'EKL0300005', '', '0000-00-00 00:00:00', '', '', 'active', '2021-04-17 15:37:23', '', '0000-00-00 00:00:00', '', '0000-00-00 00:00:00', '', '', '', '0000-00-00 00:00:00', 0, '', '', '', 20, '', 'COD', '2021-04-28', 1, 1, 'EKL6A', 0, 0, 20),
(14, 6, 'Ekhaya Logistics Pvt Ltd India', 'Hp Laptop Charge', '', '', '', 'Terence Sibanda', '', '+263786819539', '', 'Zimbabwe', 'India', 1, 1, 1, '0000-00-00 00:00:00', 'EKL0300006', '', '0000-00-00 00:00:00', '', '', 'active', '2021-04-17 15:38:28', '', '0000-00-00 00:00:00', '', '0000-00-00 00:00:00', '', '', '', '0000-00-00 00:00:00', 0, '', '', '', 0, '', 'COD', '2021-04-28', 1, 1, 'EKL6B', 0, 0, 0),
(15, 7, 'Obey Mombe', 'Documents', '', '', '', 'Wilson Nyabadza (South Africa)', '', '+27733021601', '', 'South Africa', 'India', 1, 1, 1, '2021-04-17 15:39:41', 'EKL0300007', 'active', '2021-04-17 15:39:41', '', '', 'active', '2021-04-17 15:39:41', '', '2021-04-17 15:39:41', '', '2021-04-17 15:39:41', '', '', '', '2021-04-17 15:39:41', 0, '', '', '', 1999, '', 'PREPAID', '2021-04-23', 15, 1, 'EKL7', 0, 1999, 0),
(33, 14, 'Ekhaya Logistics Pvt Ltd India', 'Flyers', '', '', '', 'Russel Karowangoma', '', '+263 77 445 3652', '', 'Zimbabwe', 'India', 1, 1, 1, '0000-00-00 00:00:00', 'EKL0300014', '', '0000-00-00 00:00:00', '', '', 'active', '2021-04-17 19:56:57', '', '0000-00-00 00:00:00', '', '0000-00-00 00:00:00', '', '', '', '0000-00-00 00:00:00', 0, '', '', '', 0, '', 'COD', '2021-04-28', 2, 2, 'EKL14B', 0, 0, 0),
(32, 14, 'Ekhaya Logistics Pvt Ltd India', 'Hard Disk', '', '', '', 'Russel Karowangoma', '', '+263 77 445 3652', '', 'Zimbabwe', 'India', 1.54, 1, 1, '0000-00-00 00:00:00', 'EKL0300014', '', '0000-00-00 00:00:00', '', '', 'active', '2021-04-17 19:56:04', '', '0000-00-00 00:00:00', '', '0000-00-00 00:00:00', '', '', '', '0000-00-00 00:00:00', 0, '', '', '', 213, '', 'COD', '2021-04-28', 2, 2, 'EKL14A', 0, 213, 0),
(31, 13, 'Tinashe Chidyamarambe', 'Clothes and Shoes', '', '', '', 'Tonderai Harutsanye', '', '+263 77 312 1962', '', 'Zimbabwe', 'India', 2.3, 1, 1, '0000-00-00 00:00:00', 'EKL0300013', '', '0000-00-00 00:00:00', '', '', 'active', '2021-04-17 19:54:41', '', '0000-00-00 00:00:00', '', '0000-00-00 00:00:00', '', '', '', '0000-00-00 00:00:00', 0, '', '', '', 3999, '', 'PREPAID', '2021-04-28', 2, 2, 'EKL13', 0, 3999, 0),
(30, 12, 'Tinashe Munanga', 'Shoes (1 pair)', '', '', '', 'Clyde Tafadzwa Nyashanu', '', '+91 98701 13819', '', 'Zimbabwe', 'India', 1, 1, 1, '0000-00-00 00:00:00', 'EKL0300012', '', '0000-00-00 00:00:00', '', '', 'active', '2021-04-17 19:53:26', '', '0000-00-00 00:00:00', '', '0000-00-00 00:00:00', '', '', '', '0000-00-00 00:00:00', 0, '', '', '', 18, '', 'COD', '2021-04-28', 2, 2, 'EKL12', 0, 0, 18),
(29, 11, 'Simbarashe Makuyana', 'Laptop Charger', '', '', '', 'Mr Taruwinga', '', '+263 772 620 862', '', 'Zimbabwe', 'India', 1, 1, 1, '0000-00-00 00:00:00', 'EKL0300011', '', '0000-00-00 00:00:00', '', '', 'active', '2021-04-17 19:49:36', '', '0000-00-00 00:00:00', '', '0000-00-00 00:00:00', '', '', '', '0000-00-00 00:00:00', 0, '', '', '', 0, '', 'COD', '2021-04-28', 2, 2, 'EKL11B', 0, 0, 0),
(28, 11, 'Simbarashe Makuyana', 'Laptop', '', '', '', 'Mr Taruwinga', '', '+263 772 620 862', '', 'Zimbabwe', 'India', 1.1, 1, 1, '0000-00-00 00:00:00', 'EKL0300011', '', '0000-00-00 00:00:00', '', '', 'active', '2021-04-17 19:48:46', '', '0000-00-00 00:00:00', '', '0000-00-00 00:00:00', '', '', '', '0000-00-00 00:00:00', 0, '', '', '', 46, '', 'COD', '2021-04-28', 2, 2, 'EKL11A', 0, 0, 46),
(27, 10, 'Chido Marimira', 'Clothes and plastic Shells', '', '', '', 'Emmanuel Musharu', '', '+263 778 111 396', '', 'Zimbabwe', 'India', 1, 1, 1, '0000-00-00 00:00:00', 'EKL0300010', '', '0000-00-00 00:00:00', '', '', 'active', '2021-04-17 19:47:40', '', '0000-00-00 00:00:00', '', '0000-00-00 00:00:00', '', '', '', '0000-00-00 00:00:00', 0, '', '', '', 1350, '', 'PREPAID', '2021-04-28', 2, 2, 'EKL10', 0, 1350, 0),
(26, 9, 'Mohamed Wares', 'Eye Glasses', '', '', '', 'Tapiwa Chitongo', '', '+237654387581', '', 'Zimbabwe', 'India', 1, 1, 1, '0000-00-00 00:00:00', 'EKL0300009', '', '0000-00-00 00:00:00', '', '', 'active', '2021-04-17 19:45:51', '', '0000-00-00 00:00:00', '', '0000-00-00 00:00:00', '', '', '', '0000-00-00 00:00:00', 0, '', '', '', 1531, '', 'PREPAID', '2021-04-28', 2, 2, 'EKL9', 0, 1531, 0),
(25, 8, 'Tinashe ', 'Water Pumps', '', '', '', 'Stadic Distributors', '', '+263787964301', '', 'Zimbabwe', 'India', 18, 5, 1, '0000-00-00 00:00:00', 'EKL0300008', '', '0000-00-00 00:00:00', '', '', 'active', '2021-04-17 19:37:34', '', '0000-00-00 00:00:00', '', '0000-00-00 00:00:00', '', '', '', '0000-00-00 00:00:00', 0, '', '', '', 28313, '', 'PREPAID', '2021-04-28', 2, 2, 'EKL8', 0, 28313, 0),
(34, 15, 'Tinashe', '5 pairs of shoes: A first pair', '', '', '', 'Clyde Tafadzwa Nyashanu', '', '+263776228904', '', 'Zimbabwe', 'India', 6, 1, 1, '0000-00-00 00:00:00', 'EKL0300015', '', '0000-00-00 00:00:00', '', '', 'active', '2021-04-19 16:23:02', '', '0000-00-00 00:00:00', '', '0000-00-00 00:00:00', '', '', '', '0000-00-00 00:00:00', 0, '', '', '', 6146, '', 'PREPAID', '2021-04-30', 3, 3, 'EKL15A', 0, 6146, 0),
(35, 15, 'Tinashe', '5 pairs of shoes: second pair (Amount in first pair) ', '', '', '', 'Clyde Tafadzwa Nyashanu', '', '+263776228904', '', 'Zimbabwe', 'India', 6, 1, 1, '0000-00-00 00:00:00', 'EKL0300015', '', '0000-00-00 00:00:00', '', '', 'active', '2021-04-19 16:24:15', '', '0000-00-00 00:00:00', '', '0000-00-00 00:00:00', '', '', '', '0000-00-00 00:00:00', 0, '', '', '', 0, '', 'PREPAID', '2021-04-30', 3, 3, 'EKL15B', 0, 0, 0),
(36, 15, 'Tinashe', '5 pairs of shoes: third pair (Amount in first pair) ', '', '', '', 'Clyde Tafadzwa Nyashanu', '', '+263776228904', '', 'Zimbabwe', 'India', 6, 1, 1, '0000-00-00 00:00:00', 'EKL0300015', '', '0000-00-00 00:00:00', '', '', 'active', '2021-04-19 16:24:54', '', '0000-00-00 00:00:00', '', '0000-00-00 00:00:00', '', '', '', '0000-00-00 00:00:00', 0, '', '', '', 0, '', 'PREPAID', '2021-04-30', 3, 3, 'EKL15C', 0, 0, 0),
(37, 15, 'Tinashe ', '5 pairs of shoes: fourth pair (Amount in first pair) ', '', '', '', 'Clyde Tafadzwa Nyashanu', '', '+263776228904', '', 'Zimbabwe', 'India', 6, 1, 1, '0000-00-00 00:00:00', 'EKL0300015', '', '0000-00-00 00:00:00', '', '', 'active', '2021-04-19 16:25:39', '', '0000-00-00 00:00:00', '', '0000-00-00 00:00:00', '', '', '', '0000-00-00 00:00:00', 0, '', '', '', 0, '', 'PREPAID', '2021-04-30', 3, 3, 'EKL15d', 0, 0, 0),
(38, 15, 'Tinashe', '5 pairs of shoes: fifth pair (Amount in first pair) ', '', '', '', 'Clyde Tafadzwa Nyashanu', '', '+263776228904', '', 'Zimbabwe', 'India', 6, 1, 1, '0000-00-00 00:00:00', 'EKL0300015', '', '0000-00-00 00:00:00', '', '', 'active', '2021-04-19 16:26:50', '', '0000-00-00 00:00:00', '', '0000-00-00 00:00:00', '', '', '', '0000-00-00 00:00:00', 0, '', '', '', 0, '', 'PREPAID', '2021-04-30', 3, 3, 'EKL15E', 0, 0, 0),
(39, 16, 'PAL SURGICAL WORKS', 'Silicon Suction Cups', '', '', '', 'Dr. RT Gisbon', '', '+263773821911', '', 'Zimbabwe', 'India', 1, 1, 1, '0000-00-00 00:00:00', 'EKL0300016', '', '0000-00-00 00:00:00', '', '', 'active', '2021-04-19 16:28:29', '', '0000-00-00 00:00:00', '', '0000-00-00 00:00:00', '', '', '', '0000-00-00 00:00:00', 0, '', '', '', 1333, '', 'PREPAID', '2021-04-30', 3, 3, 'EKL16', 0, 1333, 0),
(40, 17, 'Seith', '9 bags', '', '', '', 'Abigirl Marenga', '', '+263772294982', '', 'Zimbabwe', 'India', 5, 1, 1, '0000-00-00 00:00:00', 'EKL0300017', '', '0000-00-00 00:00:00', '', '', 'active', '2021-04-19 16:29:53', '', '0000-00-00 00:00:00', '', '0000-00-00 00:00:00', '', '', '', '0000-00-00 00:00:00', 0, '', '', '', 90, '', 'COD', '2021-04-30', 3, 3, 'EKL17', 0, 0, 90),
(41, 18, 'Baudace Njobo', 'Hair and Make up', '', '', '', 'Ashlene Zvobgo', '', '+263785767126', '', 'Zimbabwe', 'India', 1, 1, 1, '0000-00-00 00:00:00', 'EKL0300018', '', '0000-00-00 00:00:00', '', '', 'active', '2021-04-19 16:32:16', '', '0000-00-00 00:00:00', '', '0000-00-00 00:00:00', '', '', '', '0000-00-00 00:00:00', 0, '', '', '', 1300, '', 'PREPAID', '2021-04-30', 3, 3, 'EKL18', 0, 1300, 0),
(42, 19, 'Roselyn Tombotia', 'Walkie Talkie', '', '', '', 'Togara Tombotiya', '', '+263772890831', '', 'Zimbabwe', 'India', 5, 1, 1, '0000-00-00 00:00:00', 'EKL0300019', '', '0000-00-00 00:00:00', '', '', 'active', '2021-04-19 16:33:51', '', '0000-00-00 00:00:00', '', '0000-00-00 00:00:00', '', '', '', '0000-00-00 00:00:00', 0, '', '', '', 14389, '', 'PREPAID', '2021-04-30', 3, 3, 'EKL19', 0, 14389, 0),
(43, 20, 'Simbarashe Makuyana', '2 Mobile Phones', '', '', '', 'Mr Taruwinga/ Makuyana', '', '+263772620862', '', 'Zimbabwe', 'India', 1, 1, 1, '0000-00-00 00:00:00', 'EKL0300020', '', '0000-00-00 00:00:00', '', '', 'active', '2021-04-19 16:35:22', '', '0000-00-00 00:00:00', '', '0000-00-00 00:00:00', '', '', '', '0000-00-00 00:00:00', 0, '', '', '', 60, '', 'COD', '2021-04-30', 3, 3, 'EKL20', 0, 0, 60),
(44, 21, 'Leslie Zimunhu', '1 Mobile Phone', '', '', '', 'Lovemore Manga', '', '+263783573911', '', 'Zimbabwe', 'India', 1, 1, 1, '0000-00-00 00:00:00', 'EKL0300021', '', '0000-00-00 00:00:00', '', '', 'active', '2021-04-19 16:37:15', '', '0000-00-00 00:00:00', '', '0000-00-00 00:00:00', '', '', '', '0000-00-00 00:00:00', 0, '', '', '', 2680, '', 'PREPAID', '2021-04-30', 3, 3, 'EKL21', 0, 2680, 0),
(45, 22, 'Charles Taurai Gwangwava', 'Documents', '', '', '', 'Kenias Gwangwava', '', '+263773403514', '', 'Zimbabwe', 'India', 1, 1, 1, '0000-00-00 00:00:00', 'EKL0300022', '', '0000-00-00 00:00:00', '', '', 'active', '2021-04-19 16:41:29', '', '0000-00-00 00:00:00', '', '0000-00-00 00:00:00', '', '', '', '0000-00-00 00:00:00', 0, '', '', '', 3290, '', 'PREPAID', '2021-04-30', 3, 3, 'EKL22', 0, 3290, 0),
(46, 23, 'Himgiri', 'Leyland Spare Parts', '', '', '', 'Mr. Mukono', '', '+263774087426', '', 'Zimbabwe', 'India', 12, 1, 14, '0000-00-00 00:00:00', 'EKL0300023', '', '0000-00-00 00:00:00', '', '', 'active', '2021-04-19 16:43:47', '', '0000-00-00 00:00:00', '', '0000-00-00 00:00:00', '', '', '', '0000-00-00 00:00:00', 0, '', '', '', 252, '', 'COD', '2021-04-30', 3, 3, 'EKL23', 0, 0, 252),
(47, 24, 'Chelsea Moyo', '3 Mobile Phones', '', '', '', 'Faith Jere', '', '+263772583130', '', 'Zimbabwe', 'India', 3, 1, 1, '0000-00-00 00:00:00', 'EKL0300024', '', '0000-00-00 00:00:00', '', '', 'active', '2021-04-28 21:48:52', '', '0000-00-00 00:00:00', '', '0000-00-00 00:00:00', '', '', '', '0000-00-00 00:00:00', 0, '', '', '', 6850, '', 'PREPAID', '2021-05-09', 5, 4, 'EKL24', 0, 6850, 0),
(48, 25, 'Kelvin Maunganidze', 'Pair of shoes', '', '', '', 'Tinaye Gahadzika', '', '+263782120816', '', 'Zimbabwe', 'India', 1, 1, 1, '0000-00-00 00:00:00', 'EKL0300025', '', '0000-00-00 00:00:00', '', '', 'active', '2021-04-28 21:51:23', '', '0000-00-00 00:00:00', '', '0000-00-00 00:00:00', '', '', '', '0000-00-00 00:00:00', 0, '', '', '', 1100, '', 'PREPAID', '2021-05-09', 5, 4, 'EKL25', 0, 1100, 0),
(49, 26, 'Panashe Gasseler', 'Curtains', '', '', '', 'George Maronga', '', '+263786766699', '', 'Zimbabwe', 'India', 13, 1, 1, '0000-00-00 00:00:00', 'EKL0300026', '', '0000-00-00 00:00:00', '', '', 'active', '2021-04-28 21:54:35', '', '0000-00-00 00:00:00', '', '0000-00-00 00:00:00', '', '', '', '0000-00-00 00:00:00', 0, '', '', '', 17429, '', 'PREPAID', '2021-05-09', 5, 4, 'EKL26A', 0, 17429, 0),
(50, 26, 'Panashe Gasseler', 'Curtains Accesories', '', '', '', 'George Maronga', '', '+263 78 676 6699', '', 'Zimbabwe', 'India', 0, 1, 0, '0000-00-00 00:00:00', 'EKL0300026', '', '0000-00-00 00:00:00', '', '', 'active', '2021-04-28 21:55:49', '', '0000-00-00 00:00:00', '', '0000-00-00 00:00:00', '', '', '', '0000-00-00 00:00:00', 0, '', '', '', 0, '', 'PREPAID', '2021-05-09', 5, 4, 'EKL26B', 0, 0, 0),
(51, 27, 'Tatenda Moreblessing Matimbira', '2 dresses , 1 chain and a speaker', '', '', '', 'Mrs Patience Matimbira', '', '+263772334523', '', 'Zimbabwe', 'India', 1, 1, 1, '0000-00-00 00:00:00', 'EKL0300027', '', '0000-00-00 00:00:00', '', '', 'active', '2021-04-28 21:58:13', '', '0000-00-00 00:00:00', '', '0000-00-00 00:00:00', '', '', '', '0000-00-00 00:00:00', 0, '', '', '', 24333, '', 'PREPAID', '2021-05-09', 5, 4, 'EKL27', 0, 24333, 0),
(52, 28, 'Samantha Chizengwe', 'Clothes and Mouth Gaurd', '', '', '', 'Lovejoy Mudhokwani', '', '+263 77 927 0941', '', 'Zimbabwe', 'India', 2.5, 1, 1, '0000-00-00 00:00:00', 'EKL0300028', '', '0000-00-00 00:00:00', '', '', 'active', '2021-04-28 22:02:44', '', '0000-00-00 00:00:00', '', '0000-00-00 00:00:00', '', '', '', '0000-00-00 00:00:00', 0, '', '', '', 3333, '', 'PREPAID', '2021-05-09', 5, 4, 'EKL28', 0, 3333, 0),
(140, 34, 'Samantha Chizengwe', 'Chest Guard & 2 x Kicking Pads', '', '', '', 'Tinotenda Bhero', '', '+2637778655336', '', '', '', 7, 9, 7, '0000-00-00 00:00:00', 'EKL0300034', '', '0000-00-00 00:00:00', '', '', 'active', '2021-06-20 12:53:34', '', '0000-00-00 00:00:00', '', '0000-00-00 00:00:00', '', '', '', '0000-00-00 00:00:00', 0, '', '', '', 9345, '', 'PREPAID', '2021-07-01', 10, 8, 'EKL34E', 0, 9345, 0),
(139, 34, 'Samantha Chizengwe', 'Women Shapewear/Sweat Belt', '', '', '', 'Lisa Munyaradzi', '', '+263714143164', '', '', '', 7, 9, 7, '0000-00-00 00:00:00', 'EKL0300034', '', '0000-00-00 00:00:00', '', '', 'active', '2021-06-20 12:53:34', '', '0000-00-00 00:00:00', '', '0000-00-00 00:00:00', '', '', '', '0000-00-00 00:00:00', 0, '', '', '', 9345, '', 'PREPAID', '2021-07-01', 10, 8, 'EKL34D', 0, 9345, 0),
(138, 34, 'Samantha Chizengwe', 'Juice Bottle', '', '', '', 'Viper  Tkd Club', '', '+263777792543', '', '', '', 7, 9, 7, '0000-00-00 00:00:00', 'EKL0300034', '', '0000-00-00 00:00:00', '', '', 'active', '2021-06-20 12:53:34', '', '0000-00-00 00:00:00', '', '0000-00-00 00:00:00', '', '', '', '0000-00-00 00:00:00', 0, '', '', '', 9345, '', 'PREPAID', '2021-07-01', 10, 8, 'EKL34C', 0, 9345, 0),
(137, 34, 'Samantha Chizengwe', 'Skipping Rope, AB wheel, Gym gloves', '', '', '', 'Tinotenda Mudhokwani', '', '+263771028886', '', '', '', 7, 9, 7, '0000-00-00 00:00:00', 'EKL0300034', '', '0000-00-00 00:00:00', '', '', 'active', '2021-06-20 12:53:34', '', '0000-00-00 00:00:00', '', '0000-00-00 00:00:00', '', '', '', '0000-00-00 00:00:00', 0, '', '', '', 9345, '', 'PREPAID', '2021-07-01', 10, 8, 'EKL34B', 0, 9345, 0),
(136, 34, 'Samantha Chizengwe', 'AB Wheel & chest expander', '', '', '', 'Assa', '', '+263717577371', '', '', '', 7, 9, 7, '0000-00-00 00:00:00', 'EKL0300034', '', '0000-00-00 00:00:00', '', '', 'active', '2021-06-20 12:53:34', '', '0000-00-00 00:00:00', '', '0000-00-00 00:00:00', '', '', '', '0000-00-00 00:00:00', 0, '', '', '', 9345, '', 'PREPAID', '2021-07-01', 10, 8, 'EKL34A', 0, 9345, 0),
(135, 39, 'Simbarashe Makuyana', '1 x Mobile Phone(MI note 9 pro)', '', '', '', 'Peter Makore', '', '+263771968414', '', 'Zimbabwe', 'India', 1, 1, 1, '0000-00-00 00:00:00', 'EKL0300039', '', '0000-00-00 00:00:00', '', '', 'active', '2021-06-20 13:24:07', '', '0000-00-00 00:00:00', '', '0000-00-00 00:00:00', '', '', '', '0000-00-00 00:00:00', 0, '', '', '', 41, '', 'COD', '2021-07-01', 10, 8, 'EKL39', 0, 0, 41),
(134, 38, 'Sai Auto', 'Ashok leyland Feeder pump spare parts x 3', '', '', '', 'Mr Mukono', '', '+263774087426', '', 'Zimbabwe', 'India', 3, 3, 3, '0000-00-00 00:00:00', 'EKL0300038', '', '0000-00-00 00:00:00', '', '', 'active', '2021-06-20 13:14:10', '', '0000-00-00 00:00:00', '', '0000-00-00 00:00:00', '', '', '', '0000-00-00 00:00:00', 0, '', '', '', 55, '', 'COD', '2021-07-01', 10, 8, 'EKL38', 0, 0, 55),
(133, 37, 'Desire Fadzi  Makunike', 'Sweater, Wireless earphones, handbag, notebook, jewellery box', '', '', '', 'Memory Rutendo Makunike', '', '+263715567485', '', 'Zimbabwe', 'India', 2, 1, 2, '0000-00-00 00:00:00', 'EKL0300037', '', '0000-00-00 00:00:00', '', '', 'active', '2021-06-20 13:10:50', '', '0000-00-00 00:00:00', '', '0000-00-00 00:00:00', '', '', '', '0000-00-00 00:00:00', 0, '', '', '', 2670, '', 'PREPAID', '2021-07-01', 10, 8, 'EKL37', 0, 2670, 0),
(132, 36, 'Tendai/Amazon', '1 x Plastic seat, 1  box hangers', '', '', '', 'Tendai (Self)', '', '+263774453652', '', 'Zimbabwe', 'India', 5, 2, 5, '0000-00-00 00:00:00', 'EKL0300036', '', '0000-00-00 00:00:00', '', '', 'active', '2021-06-20 13:00:45', '', '0000-00-00 00:00:00', '', '0000-00-00 00:00:00', '', '', '', '0000-00-00 00:00:00', 0, '', '', '', 90, '', 'COD', '2021-07-01', 10, 8, 'EKL36', 0, 0, 90),
(131, 35, 'Tinashe Mandishona', '5x LPG manual pumps', '', '', '', 'Stadic Distributors', '', '+263787964301', '', 'Zimbabwe', 'India', 18, 1, 1, '0000-00-00 00:00:00', 'EKL0300035', '', '0000-00-00 00:00:00', '', '', 'active', '2021-06-20 12:56:00', '', '0000-00-00 00:00:00', '', '0000-00-00 00:00:00', '', '', '', '0000-00-00 00:00:00', 0, '', '', '', 28313, '', 'PREPAID', '2021-07-01', 10, 8, 'EKL35', 0, 28313, 0),
(130, 34, 'Samantha Chizengwe', '2 X AB wheel, Chest expander, Skipping rope, gym gloves, Gym juice bottle,sweat belt(for women), Chest guard, 2x Kicking pads', '', '', '', 'Muiltiple  Recipients', '', '+263717577371', '', 'Zimbabwe', 'India', 7, 9, 7, '0000-00-00 00:00:00', 'EKL0300034', '', '0000-00-00 00:00:00', '', '', 'active', '2021-06-20 12:53:34', '', '0000-00-00 00:00:00', '', '0000-00-00 00:00:00', '', '', '', '0000-00-00 00:00:00', 0, '', '', '', 9345, '', 'PREPAID', '2021-07-01', 10, 8, 'EKL34', 0, 9345, 0),
(129, 33, 'Kelvin Maunganidze', 'Shirts', '', '', '', 'Yeukai Chipo Murambiwa', '', '+263772270793', '', 'Zimbabwe', 'India', 7.5, 1, 1, '0000-00-00 00:00:00', 'EKL0300033', '', '0000-00-00 00:00:00', '', '', 'active', '2021-06-05 12:33:12', '', '0000-00-00 00:00:00', '', '0000-00-00 00:00:00', '', '', '', '0000-00-00 00:00:00', 0, '', '', '', 10012, '', 'PREPAID', '2021-06-16', 9, 7, 'EKL33', 0, 10012, 0),
(128, 32, 'Tafadzwa Kaurayi', '2 Dell Desktop and accessories', '', '', '', 'Russel Karowangoma', '', '+263779004123', '', 'Zimbabwe', 'India', 20, 1, 0, '0000-00-00 00:00:00', 'EKL0300032', '', '0000-00-00 00:00:00', '', '', 'active', '2021-06-05 12:32:17', '', '0000-00-00 00:00:00', '', '0000-00-00 00:00:00', '', '', '', '0000-00-00 00:00:00', 0, '', '', '', 640, '', 'COD', '2021-06-16', 9, 7, 'EKL32', 0, 640, 0),
(127, 31, 'Nacpath Investments', 'Gas Pumps', '', '', '', 'Enoch Chitsike', '', '+263733852377', '', 'Zimbabwe', 'India', 15, 1, 1, '0000-00-00 00:00:00', 'EKL0300031', '', '0000-00-00 00:00:00', '', '', 'active', '2021-06-05 12:31:16', '', '0000-00-00 00:00:00', '', '0000-00-00 00:00:00', '', '', '', '0000-00-00 00:00:00', 0, '', '', '', 14430, '', 'PREPAID', '2021-06-16', 9, 7, 'EKL31', 0, 14430, 0),
(126, 30, 'Catarina Zuzi', '2 Electronics', '', '', '', 'Joel Gomes Ngaca', '', '+244948759328', '', 'Angola', 'India', 18, 1, 1, '0000-00-00 00:00:00', 'EKL0300030', '', '0000-00-00 00:00:00', '', '', 'active', '2021-05-10 01:38:44', '', '0000-00-00 00:00:00', '', '0000-00-00 00:00:00', '', '', '', '0000-00-00 00:00:00', 0, '', '', '', 19170, '', 'PREPAID', '2021-05-21', 7, 5, 'EKL30', 0, 19170, 0),
(125, 29, 'Kelvin Maunganidze', 'Clothes', '', '', '', 'Juliana Maunganidze', '', '+27633603965', '', 'South Africa', 'India', 9, 1, 1, '0000-00-00 00:00:00', 'EKL0300029', '', '0000-00-00 00:00:00', '', '', 'active', '2021-05-10 01:33:49', '', '0000-00-00 00:00:00', '', '0000-00-00 00:00:00', '', '', '', '0000-00-00 00:00:00', 0, '', '', '', 8187, '', 'PREPAID', '2021-05-21', 7, 5, 'EKL29', 0, 8187, 0),
(142, 35, 'Samantha Chizengwe', '1 x White Gown(Karate)', '', '', '', 'Mugove ', '', '+26377 4395289', '', 'Zimbabwe', 'India', 1, 1, 1, '0000-00-00 00:00:00', 'EKL0300035', '', '0000-00-00 00:00:00', '', '', 'active', '2021-07-30 13:44:57', '', '0000-00-00 00:00:00', '', '0000-00-00 00:00:00', '', '', '', '0000-00-00 00:00:00', 0, '', '', 'Rs ', 11692, '', 'PREPAID', '2021-08-10', 12, 9, 'EKL35A', 0, 11692, 0),
(143, 35, 'Samantha Chizengwe', '1 x White Karate Gown, Groin Gaurd, Red AXG, Kicking pad pair, Sheen pad, Hand wrap, Mouth Gaurd', '', '', '', 'Tinotenda Mudokwani ', '', '+263771028886', '', 'Zimbabwe', 'India', 1, 1, 1, '0000-00-00 00:00:00', 'EKL0300035', '', '0000-00-00 00:00:00', '', '', 'active', '2021-07-30 13:49:00', '', '0000-00-00 00:00:00', '', '0000-00-00 00:00:00', '', '', '', '0000-00-00 00:00:00', 0, '', '', 'Rs ', 0, '', 'PREPAID', '2021-08-10', 12, 9, 'EKL35B', 0, 0, 0),
(144, 35, 'Samantha Chizengwe', '1pair × armour Black & white kicking pads\r\n1pair × Armor black boxing gloves', '', '', '', 'Lovejoy Mudokwani', '', '+263779270941', '', 'Zimbabwe', 'India', 1, 1, 1, '0000-00-00 00:00:00', 'EKL0300035', '', '0000-00-00 00:00:00', '', '', 'active', '2021-07-30 13:51:56', '', '0000-00-00 00:00:00', '', '0000-00-00 00:00:00', '', '', '', '0000-00-00 00:00:00', 0, '', '', 'Rs ', 0, '', 'PREPAID', '2021-08-10', 12, 9, 'EKL35C', 0, 0, 0),
(145, 35, 'Samantha Chizengwe', '1pair × armour kicking pads\r\n1pair × Armor boxing gloves', '', '', '', 'Viper Tkd Club', '', '+263777792543', '', 'Zimbabwe', 'India', 1, 1, 1, '0000-00-00 00:00:00', 'EKL0300035', '', '0000-00-00 00:00:00', '', '', 'active', '2021-07-30 13:53:30', '', '0000-00-00 00:00:00', '', '0000-00-00 00:00:00', '', '', '', '0000-00-00 00:00:00', 0, '', '', 'Rs ', 0, '', 'PREPAID', '2021-08-10', 12, 9, 'EKL35D', 0, 0, 0),
(146, 35, 'Samantha Chizengwe', '1pair × Axg pads', '', '', '', 'Garry Musami', '', '+26377 8108199', '', 'Zimbabwe', 'India', 1, 1, 1, '0000-00-00 00:00:00', 'EKL0300035', '', '0000-00-00 00:00:00', '', '', 'active', '2021-07-30 13:55:02', '', '0000-00-00 00:00:00', '', '0000-00-00 00:00:00', '', '', '', '0000-00-00 00:00:00', 0, '', '', 'Rs ', 0, '', 'PREPAID', '2021-08-10', 12, 9, 'EKL35E', 0, 0, 0),
(147, 35, 'Samantha Chizengwe', 'Blue,red hand wraps(3)\r\n1× armour hand wraps', '', '', '', 'T.chizengwe', '', '+263772294321', '', 'Zimbabwe', 'India', 1, 1, 1, '0000-00-00 00:00:00', 'EKL0300035', '', '0000-00-00 00:00:00', '', '', 'active', '2021-07-30 13:56:18', '', '0000-00-00 00:00:00', '', '0000-00-00 00:00:00', '', '', '', '0000-00-00 00:00:00', 0, '', '', 'Rs ', 0, '', 'PREPAID', '2021-08-10', 12, 9, 'EKL35F', 0, 0, 0),
(155, 42, 'Johanne', 'Clothes(Big Box)', '', '', '', 'Taimi Daniel', '', '+264817726855', '', 'Swakopmund, Namibia', 'India', 20, 1, 1, '0000-00-00 00:00:00', 'EKL0300042', '', '0000-00-00 00:00:00', '', '', 'active', '2021-08-03 01:43:01', '', '0000-00-00 00:00:00', '', '0000-00-00 00:00:00', '', '', '', '0000-00-00 00:00:00', 0, '', '', 'Rs ', 23066, '', 'PREPAID', '2021-08-14', 13, 10, 'EKL42', 0, 23066, 0),
(149, 36, 'Plaxecedes Binikwa', 'Jewelry', '', '', '', 'Vimbai Mazvanara', '', '+263775348851', '', 'Zimbabwe', 'India', 1, 1, 1, '0000-00-00 00:00:00', 'EKL0300036', '', '0000-00-00 00:00:00', '', '', 'active', '2021-07-30 14:04:22', '', '0000-00-00 00:00:00', '', '0000-00-00 00:00:00', '', '', '', '0000-00-00 00:00:00', 0, '', '', 'Rs ', 1638, '', 'PREPAID', '2021-08-10', 12, 9, 'EKL36', 0, 1638, 0),
(150, 37, 'Mercy Nyabusha', 'Wigs', '', '', '', 'Fortune Mutambara', '', '+263774300340/712074274', '', 'Zimbabwe', 'India', 1, 1, 1, '0000-00-00 00:00:00', 'EKL0300037', '', '0000-00-00 00:00:00', '', '', 'active', '2021-07-30 14:06:19', '', '0000-00-00 00:00:00', '', '0000-00-00 00:00:00', '', '', '', '0000-00-00 00:00:00', 0, '', '', 'Rs ', 4725, '', 'PREPAID', '2021-08-10', 12, 9, 'EKL37', 0, 4725, 0),
(151, 38, 'Ashoka Leyland', 'Leyland Spare parts', '', '', '', 'Mr Mukono', '', '+26377 408 7426', '', 'Zimbabwe', 'India', 6, 1, 1, '0000-00-00 00:00:00', 'EKL0300038', '', '0000-00-00 00:00:00', '', '', 'active', '2021-07-30 14:08:46', '', '0000-00-00 00:00:00', '', '0000-00-00 00:00:00', '', '', '', '0000-00-00 00:00:00', 0, '', '', 'USD$', 108, '', 'COD', '2021-08-10', 12, 9, 'EKL38', 0, 0, 108),
(152, 39, 'Ayanda Dlamini', 'Hair products', '', '', '', 'Phathisiwe Dlamini ', '', '+263772353021', '', 'Zimbabwe', 'India', 1, 1, 1, '0000-00-00 00:00:00', 'EKL0300039', '', '0000-00-00 00:00:00', '', '', 'active', '2021-07-30 14:12:07', '', '0000-00-00 00:00:00', '', '0000-00-00 00:00:00', '', '', '', '0000-00-00 00:00:00', 0, '', '', 'Rs ', 2803, '', 'PREPAID', '2021-08-10', 12, 9, 'EKL39', 0, 2803, 0),
(153, 40, 'Bridget Magunha', 'Shoes', '', '', '', 'Rutendo Roselyn Muchenje', '', '+26377 325 1084', '', 'Zimbabwe', 'India', 2.4, 1, 1, '0000-00-00 00:00:00', 'EKL0300040', '', '0000-00-00 00:00:00', '', '', 'active', '2021-07-30 14:15:51', '', '0000-00-00 00:00:00', '', '0000-00-00 00:00:00', '', '', '', '0000-00-00 00:00:00', 0, '', '', 'Rs ', 3200, '', 'PREPAID', '2021-08-10', 12, 9, 'EKL40', 0, 3200, 0),
(154, 41, 'Tinashe Munanga', 'Shoes', '', '', '', 'Denis Munanga', '', '+26377 507 1199', '', 'Zimbabwe', 'India', 1, 1, 1, '0000-00-00 00:00:00', 'EKL0300041', '', '0000-00-00 00:00:00', '', '', 'active', '2021-07-30 14:34:57', '', '0000-00-00 00:00:00', '', '0000-00-00 00:00:00', '', '', '', '0000-00-00 00:00:00', 0, '', '', 'Rs ', 1500, '', 'PREPAID', '2021-08-10', 12, 9, 'EKL41', 0, 1500, 0),
(156, 43, 'Johanne', 'Clothes (Small Box)', '', '', '', 'Taimi Daniel', '', '+264817726855', '', 'Swakopmund, Namibia', 'India', 12, 1, 1, '0000-00-00 00:00:00', 'EKL0300043', '', '0000-00-00 00:00:00', '', '', 'active', '2021-08-03 01:45:19', '', '0000-00-00 00:00:00', '', '0000-00-00 00:00:00', '', '', '', '0000-00-00 00:00:00', 0, '', '', 'Rs ', 14568, '', 'PREPAID', '2021-08-14', 13, 10, 'EKL43', 0, 14568, 0),
(157, 44, 'Himla', 'Mobile Phone', '', '', '', 'Justina Iindombo', '', '+264818485373', '', 'Windhoek,Namibia', 'India', 1, 1, 1, '0000-00-00 00:00:00', 'EKL0300044', '', '0000-00-00 00:00:00', '', '', 'active', '2021-08-03 01:59:19', '', '0000-00-00 00:00:00', '', '0000-00-00 00:00:00', '', '', '', '0000-00-00 00:00:00', 0, '', '', 'Rs ', 2875, '', 'PREPAID', '2021-08-14', 14, 11, 'EKL44', 0, 2875, 0),
(158, 45, 'Mpine', 'Clothes', '', '', '', 'Puleng Morojele', '', '+26659596979', '', 'Maseru,Lesotho', 'India', 18, 1, 1, '0000-00-00 00:00:00', 'EKL0300045', '', '0000-00-00 00:00:00', '', '', 'active', '2021-08-03 02:05:51', '', '0000-00-00 00:00:00', '', '0000-00-00 00:00:00', '', '', '', '0000-00-00 00:00:00', 0, '', '', 'Rs ', 23180, '', 'PREPAID', '2021-08-14', 15, 12, 'EKL45', 0, 23180, 0),
(159, 46, 'Faith Chaparadza', '5 Manual LPG Pumps', '', '', '', 'Alain', '', '+263771569708', '', 'Zimbabwe', 'India', 16, 1, 1, '0000-00-00 00:00:00', 'EKL0300046', '', '0000-00-00 00:00:00', '', '', 'active', '2021-08-04 13:58:00', '', '0000-00-00 00:00:00', '', '0000-00-00 00:00:00', '', '', '', '0000-00-00 00:00:00', 0, '', '', 'Rs ', 22395, '', 'PREPAID', '2021-08-15', 16, 13, 'EKL46', 0, 22395, 0),
(160, 47, 'Faith Chaparadza', 'Manual LPG Pumps', '', '', '', 'Nacpath Investiments', '', '+263733852377', '', 'Zimbabwe', 'India', 39, 1, 1, '0000-00-00 00:00:00', 'EKL0300047', '', '0000-00-00 00:00:00', '', '', 'active', '2021-08-04 13:59:49', '', '0000-00-00 00:00:00', '', '0000-00-00 00:00:00', '', '', '', '0000-00-00 00:00:00', 0, '', '', 'Rs ', 55586, '', 'PREPAID', '2021-08-15', 16, 13, 'EKL47', 0, 0, 55586),
(161, 48, 'Faith Chaparadza', 'Manual  LPG Pumps', '', '', '', 'Nacpath Investiments', '', '37290', '', 'Zimbabwe', 'India', 25, 1, 1, '0000-00-00 00:00:00', 'EKL0300048', '', '0000-00-00 00:00:00', '', '', 'active', '2021-08-04 14:00:55', '', '0000-00-00 00:00:00', '', '0000-00-00 00:00:00', '', '', '', '0000-00-00 00:00:00', 0, '', '', 'Rs ', 37290, '', 'PREPAID', '2021-08-15', 16, 13, 'EKL48', 0, 0, 37290),
(162, 49, 'Baudace Njobo', 'Clothes', '', '', '', 'Fadzai Mukove', '', '+263736950206', '', 'Zimbabwe', 'India', 4, 1, 1, '0000-00-00 00:00:00', 'EKL0300049', '', '0000-00-00 00:00:00', '', '', 'active', '2021-08-04 14:02:39', '', '0000-00-00 00:00:00', '', '0000-00-00 00:00:00', '', '', '', '0000-00-00 00:00:00', 0, '', '', 'USD$', 78, '', 'COD', '2021-08-15', 16, 13, 'EKL49', 0, 30, 48),
(163, 50, 'Providence Mahiya', 'Clothes', '', '', '', 'Providence Mahiya', '', '+263780249095', '', 'Zimbabwe', 'India', 8, 1, 1, '0000-00-00 00:00:00', 'EKL0300050', '', '0000-00-00 00:00:00', '', '', 'active', '2021-08-04 14:03:56', '', '0000-00-00 00:00:00', '', '0000-00-00 00:00:00', '', '', '', '0000-00-00 00:00:00', 0, '', '', 'Rs ', 8912, '', 'PREPAID', '2021-08-15', 16, 13, 'EKL50', 0, 8912, 0),
(164, 51, 'Memory Ramba', 'Electronics', '', '', '', 'Priviledge Mugejo', '', '+263736447092', '', 'Zimbabwe', 'India', 1, 1, 1, '0000-00-00 00:00:00', 'EKL0300051', '', '0000-00-00 00:00:00', '', '', 'active', '2021-08-04 14:05:05', '', '0000-00-00 00:00:00', '', '0000-00-00 00:00:00', '', '', '', '0000-00-00 00:00:00', 0, '', '', 'Rs ', 9500, '', 'PREPAID', '2021-08-15', 16, 13, 'EKL51', 0, 9500, 0),
(165, 52, 'Bridget Magunha', 'Shoes', '', '', '', 'Rutendo Roselyn Muchenje', '', '+263773251084', '', 'Zimbabwe', 'India', 3, 1, 1, '0000-00-00 00:00:00', 'EKL0300052', '', '0000-00-00 00:00:00', '', '', 'active', '2021-08-04 14:06:49', '', '0000-00-00 00:00:00', '', '0000-00-00 00:00:00', '', '', '', '0000-00-00 00:00:00', 0, '', '', 'Rs ', 3120, '', 'PREPAID', '2021-08-15', 16, 13, 'EKL52', 0, 3120, 0),
(166, 53, 'Blessing Kwanisayi', 'Glasses', '', '', '', 'Chioniso Trish Maruve', '', '+263775339419', '', 'Zimbabwe', 'India', 1, 1, 1, '0000-00-00 00:00:00', 'EKL0300053', '', '0000-00-00 00:00:00', '', '', 'active', '2021-08-04 14:08:41', '', '0000-00-00 00:00:00', '', '0000-00-00 00:00:00', '', '', '', '0000-00-00 00:00:00', 0, '', '', 'Rs ', 2000, '', 'PREPAID', '2021-08-15', 16, 13, 'EKL53', 0, 2000, 0),
(167, 54, 'Samantha Chizengwe', 'Clothes', '', '', '', 'Grasium Chidemo', '', '+263713320035', '', 'Zimbabwe', 'India', 1.4, 1, 1, '0000-00-00 00:00:00', 'EKL0300054', '', '0000-00-00 00:00:00', '', '', 'active', '2021-08-04 14:10:08', '', '0000-00-00 00:00:00', '', '0000-00-00 00:00:00', '', '', '', '0000-00-00 00:00:00', 0, '', '', 'Rs ', 1869, '', 'PREPAID', '2021-08-15', 16, 13, 'EKL54', 0, 0, 1869),
(168, 55, 'Mukudzei Muvi', '10 Books', '', '', '', 'Claudia Makuvi', '', '+263779301126', '', 'Zimbabwe', 'India', 6, 1, 1, '0000-00-00 00:00:00', 'EKL0300055', '', '0000-00-00 00:00:00', '', '', 'active', '2021-08-04 14:11:22', '', '0000-00-00 00:00:00', '', '0000-00-00 00:00:00', '', '', '', '0000-00-00 00:00:00', 0, '', '', 'Rs ', 7200, '', 'PREPAID', '2021-08-15', 16, 13, 'EKL55', 0, 7200, 0),
(169, 56, 'Faith Chaparadza', 'Wigs', '', '', '', 'Tafadzwa Mutandwa', '', '+263713479950', '', 'Zimbabwe', 'India', 1, 1, 1, '0000-00-00 00:00:00', 'EKL0300056', '', '0000-00-00 00:00:00', '', '', 'active', '2021-08-04 14:12:11', '', '0000-00-00 00:00:00', '', '0000-00-00 00:00:00', '', '', '', '0000-00-00 00:00:00', 0, '', '', 'Rs ', 0, '', 'PREPAID', '2021-08-15', 16, 13, 'EKL56', 0, 0, 0),
(170, 57, 'Menete Itana', 'Bags', '', '', '', 'Shongela Paulina', '', '+267', '', 'Windhoek,Namibia', 'India', 3.1, 1, 1, '0000-00-00 00:00:00', 'EKL0300057', '', '0000-00-00 00:00:00', '', '', 'active', '2021-08-05 01:17:16', '', '0000-00-00 00:00:00', '', '0000-00-00 00:00:00', '', '', '', '0000-00-00 00:00:00', 0, '', '', 'Rs ', 3534, '', 'PREPAID', '2021-08-16', 17, 14, 'EKL57', 0, 0, 3534),
(171, 58, 'Eliphas', '2222', '', '', '', 'Masuka', '', '+263', '', 'Zimbabwe', 'India', 1, 1, 1, '0000-00-00 00:00:00', 'EKL0300058', '', '0000-00-00 00:00:00', '', '', 'active', '2022-01-23 06:50:07', '', '0000-00-00 00:00:00', '', '0000-00-00 00:00:00', '', '', '', '0000-00-00 00:00:00', 0, '', '', 'Rs ', 22222, '', 'PREPAID', '2022-02-03', 19, 16, 'EKL58', 0, 22222, 0);

-- --------------------------------------------------------

--
-- Table structure for table `payouts`
--

CREATE TABLE `payouts` (
  `id` int(11) NOT NULL,
  `receipient_name` text NOT NULL,
  `date` date NOT NULL,
  `amount` double NOT NULL,
  `currency` text NOT NULL,
  `remarks` text NOT NULL,
  `type` text NOT NULL,
  `shipment_number` int(11) NOT NULL,
  `country` text NOT NULL
) ENGINE=InnoDB DEFAULT CHARSET=utf8mb4;

--
-- Dumping data for table `payouts`
--

INSERT INTO `payouts` (`id`, `receipient_name`, `date`, `amount`, `currency`, `remarks`, `type`, `shipment_number`, `country`) VALUES
(1, 'Delhivery Local Shipment', '2021-03-05', 500, 'INR', 'Delhivery recharge Miles', 'general', 0, 'India'),
(2, 'Delhivery Local Shipment', '2021-03-18', 500, 'INR', 'Delhivery recharge Miles', 'general', 0, 'India'),
(3, 'Srinivas', '2021-03-17', 36742, 'INR', 'Paid for shipment to Zimbabwe', 'shipment', 0, 'India'),
(4, 'Srinivas', '2021-03-20', 27285, 'INR', 'Shipment to Zimbabwe', 'shipment', 0, 'India'),
(5, 'Srinivas', '2021-03-31', 8799, 'INR', 'Shipment to Zimbabwe ', 'shipment', 0, 'India'),
(6, 'Srinivas', '2021-04-21', 21121, 'INR', 'Paid for Shipment to Zimbabwe', 'shipment', 0, 'India'),
(7, 'Shiprocket', '2021-04-21', 500, 'INR', 'Shiprocket local shipment top up', 'general', 0, 'India'),
(8, 'shubham shinde', '2021-04-25', 7000, 'INR', 'Shubham', 'general', 0, 'India'),
(9, 'Delhivery Local Shipment', '2021-04-19', 2000, 'INR', 'Delhivery local shipment recharge (miles)', 'general', 0, 'India'),
(10, 'Delhivery Local Shipment', '2021-04-29', 1000, 'INR', 'Delhivery local shipment recharge(miles)', 'general', 0, 'India'),
(11, 'Internet Service Provider', '2021-04-17', 600, 'INR', 'Airtime (Recharge)', 'general', 0, 'India'),
(12, 'Bike', '2021-04-23', 200, 'INR', 'Fuel', 'general', 0, 'India'),
(13, 'Bike', '2021-04-28', 200, 'INR', 'Fuel', 'general', 0, 'India'),
(14, 'Delhivery Local Shipment', '2021-04-01', 2000, 'INR', 'Delhivery local shipment topup (miles)', 'general', 0, 'India'),
(15, 'Government of India', '2021-03-31', 444, 'INR', 'GST Tax', 'general', 0, 'India'),
(16, 'Indian Government', '2021-03-31', 5000, 'INR', 'Professional Tax for Ekhaya and Zambuko', 'general', 0, 'India'),
(17, 'Indian Government', '2021-03-31', 5000, 'INR', 'March Compliance Tax', 'general', 0, 'India'),
(18, 'Zimbabwean Government', '2021-03-18', 290, 'USD$', 'Customs Clearance in Zimbabwe', 'shipment', 0, 'Zimbabwe'),
(19, 'Zimbabwean Government', '2021-03-17', 120, 'USD$', 'Customs Clearance in Zimbabwe', 'shipment', 0, 'Zimbabwe'),
(20, 'Delhivery Local Shipment', '2021-05-11', 500, 'INR', 'Delhivery recharge(Miles)', 'general', 0, 'India');

-- --------------------------------------------------------

--
-- Table structure for table `quotations`
--

CREATE TABLE `quotations` (
  `id` int(11) NOT NULL,
  `request_id` int(11) NOT NULL,
  `quotation_number` int(11) NOT NULL,
  `track_number` text NOT NULL,
  `date` date NOT NULL,
  `expiry` date NOT NULL,
  `status` text NOT NULL,
  `currency` text NOT NULL,
  `amount` double NOT NULL,
  `remarks` varchar(2500) NOT NULL,
  `file` text NOT NULL,
  `terms_and_conditions` varchar(2500) NOT NULL
) ENGINE=InnoDB DEFAULT CHARSET=utf8mb4;

--
-- Dumping data for table `quotations`
--

INSERT INTO `quotations` (`id`, `request_id`, `quotation_number`, `track_number`, `date`, `expiry`, `status`, `currency`, `amount`, `remarks`, `file`, `terms_and_conditions`) VALUES
(1, 1, 1, 'EKLQ0300001', '2021-08-26', '2021-09-15', '', 'USD$', 21, '', '', 'Ekhaya Logistics will provide all requred documents for this shipment|duty is extra'),
(3, 3, 2, 'EKLQ0300001', '2021-09-13', '2021-09-23', '', 'USD$', 1000, '', '', 'Ekhaya Logistics will provide all requred documents for this shipment|Ekhaya Logistics will provide all requred documents for this shipment');

-- --------------------------------------------------------

--
-- Table structure for table `quotation_items`
--

CREATE TABLE `quotation_items` (
  `id` int(11) NOT NULL,
  `name` varchar(1200) NOT NULL,
  `units` text NOT NULL,
  `quantity` int(11) NOT NULL,
  `amount` double NOT NULL,
  `total` double NOT NULL,
  `quotation_id` int(11) NOT NULL
) ENGINE=InnoDB DEFAULT CHARSET=utf8mb4;

--
-- Dumping data for table `quotation_items`
--

INSERT INTO `quotation_items` (`id`, `name`, `units`, `quantity`, `amount`, `total`, `quotation_id`) VALUES
(1, 'SHIPMENT FROM INDIA TO ZIMBABWE INCLUSIVE OF DUTY,VAT, & CLEARANCE', '', 1, 18, 18, 1),
(2, 'LOCAL SHIPMENT (EKHAYA SURFACE CHARGES)', '', 1, 3, 3, 1),
(3, 'SHIPMENT FROM INDIA TO ZIMBABWE INCLUSIVE OF DUTY,VAT, & CLEARANCE', 'PCS', 1, 500, 500, 3),
(4, 'SHIPMENT FROM INDIA TO ZIMBABWE INCLUSIVE OF DUTY,VAT, & CLEARANCE', 'PCS', 1, 500, 500, 3);

-- --------------------------------------------------------

--
-- Table structure for table `quotation_requests`
--

CREATE TABLE `quotation_requests` (
  `id` int(11) NOT NULL,
  `name` text NOT NULL,
  `description` varchar(2000) NOT NULL,
  `date_requested` date NOT NULL,
  `date_due` date NOT NULL,
  `request_no` int(11) NOT NULL,
  `track_number` text NOT NULL,
  `status` text NOT NULL DEFAULT 'pending',
  `files` text NOT NULL,
  `phone` text NOT NULL,
  `currency` text NOT NULL
) ENGINE=InnoDB DEFAULT CHARSET=utf8mb4;

--
-- Dumping data for table `quotation_requests`
--

INSERT INTO `quotation_requests` (`id`, `name`, `description`, `date_requested`, `date_due`, `request_no`, `track_number`, `status`, `files`, `phone`, `currency`) VALUES
(1, 'eliphas masuka', 'Quotation request for machine model', '2021-08-26', '2021-08-31', 1, 'EKLQ0300001', 'open', 'http://localhost/admin/classes/request_upload/MANIFEST-0029.pdf', '08791543970', 'USD$'),
(3, 'eliphas masuka', 'this a medical quotation request', '2021-09-13', '2021-09-18', 1, 'EKLQ0300001', 'open', 'http://localhost/admin/classes/request_upload/akoon 1c3.png', '8830354309', 'USD$');

-- --------------------------------------------------------

--
-- Table structure for table `request_items`
--

CREATE TABLE `request_items` (
  `id` int(11) NOT NULL,
  `name` varchar(1200) NOT NULL,
  `unit` text NOT NULL,
  `quantity` int(11) NOT NULL,
  `amount` double NOT NULL,
  `request_id` int(11) NOT NULL
) ENGINE=InnoDB DEFAULT CHARSET=utf8mb4;

--
-- Dumping data for table `request_items`
--

INSERT INTO `request_items` (`id`, `name`, `unit`, `quantity`, `amount`, `request_id`) VALUES
(1, 'SHIPMENT FROM INDIA TO ZIMBABWE INCLUSIVE OF DUTY,VAT, & CLEARANCE', 'PCS', 1, 0, 1),
(2, 'LOCAL SHIPMENT (EKHAYA SURFACE CHARGES)', 'PCS', 1, 0, 1),
(3, 'SHIPMENT FROM INDIA TO ZIMBABWE INCLUSIVE OF DUTY,VAT, & CLEARANCE', 'PCS', 1, 0, 3),
(4, 'medical', 'm', 1, 0, 3);

-- --------------------------------------------------------

--
-- Table structure for table `runners`
--

CREATE TABLE `runners` (
  `runner_id` int(11) NOT NULL,
  `name` text NOT NULL,
  `phone` text NOT NULL,
  `address` text NOT NULL,
  `student` text NOT NULL,
  `bonafide` varchar(200) NOT NULL,
  `fro` varchar(200) NOT NULL,
  `passport_photo` varchar(200) NOT NULL,
  `date` date NOT NULL,
  `paid` int(11) NOT NULL,
  `payee` text NOT NULL,
  `approved` int(11) NOT NULL,
  `discount` text NOT NULL
) ENGINE=MyISAM DEFAULT CHARSET=utf8mb4;

--
-- Dumping data for table `runners`
--

INSERT INTO `runners` (`runner_id`, `name`, `phone`, `address`, `student`, `bonafide`, `fro`, `passport_photo`, `date`, `paid`, `payee`, `approved`, `discount`) VALUES
(1, 'Eliphas Masuka', '09045311810', 'Room 409, Dr kotnis hostel, SVSU, NH-58 Delhi-haridwar by-pass Road', 'No', '', '', '', '2020-12-02', 1, '0', 0, ''),
(2, 'Clemence Mashora', '+919045311810', 'Room 409, Dr kotnis hostel, SVSU, NH-58 Delhi-haridwar by-pass Road', 'Yes', 'img/ClemenceMashora-bonafide.tmp', '', 'img/ClemenceMashora-passport_photo.tmp', '2020-12-02', 0, '', 0, ''),
(3, 'Clemence Mashora', '+919045311810', 'Room 409, Dr kotnis hostel, SVSU, NH-58 Delhi-haridwar by-pass Road', 'Yes', 'img/ClemenceMashora-bonafide', 'img/ClemenceMashora-fro', 'img/ClemenceMashora-passport_photo', '2020-12-02', 0, '', 0, ''),
(4, 'Clemence Mashora', '+919045311810', 'Room 409, Dr kotnis hostel, SVSU, NH-58 Delhi-haridwar by-pass Road', 'Yes', 'img/ClemenceMashora-bonafide.jpg', 'img/ClemenceMashora-fro.jpg', 'img/ClemenceMashora-passport_photo.jpg', '2020-12-02', 0, '', 0, ''),
(5, 'Ryan', '8791543970', 'Block 69/2132 Mpopoma', 'No', '', '', '', '2020-12-02', 0, '', 0, '');

-- --------------------------------------------------------

--
-- Table structure for table `shipping_updates`
--

CREATE TABLE `shipping_updates` (
  `id` int(11) NOT NULL,
  `master_id` int(11) NOT NULL,
  `date` datetime NOT NULL,
  `city` text NOT NULL,
  `country_code` text NOT NULL,
  `country` text NOT NULL,
  `status` text NOT NULL,
  `remark` text NOT NULL,
  `add_info` varchar(300) NOT NULL
) ENGINE=InnoDB DEFAULT CHARSET=utf8mb4;

--
-- Dumping data for table `shipping_updates`
--

INSERT INTO `shipping_updates` (`id`, `master_id`, `date`, `city`, `country_code`, `country`, `status`, `remark`, `add_info`) VALUES
(1, 13, '2022-01-11 15:52:00', 'Pune', 'IN', '', 'Packaged', 'Parcel Packaged at Origin Facility', ''),
(2, 13, '2022-01-11 16:53:00', 'Pune', 'IN', '', 'inTransit', 'Parcel left for Mumbai(Clearance house)', ''),
(3, 13, '2022-01-12 07:57:00', 'Mumbai', 'IN', '', 'inTransit', 'Parcel under customs clearance in India', ''),
(4, 13, '2022-01-12 13:05:00', 'Mumbai', 'IN', '', 'inTransit', 'Parcel released for export and left for chhatrapati shivaji international airport(BOM)', ''),
(5, 13, '2022-01-13 15:55:00', 'Dubai', 'AE', '', 'inTransit', 'Parcel in Local Facility', ''),
(6, 13, '2022-01-13 15:58:00', 'Dubai', 'AE', '', 'inTransit', 'Parcel connected to final Destination', ''),
(7, 13, '2022-01-15 15:56:00', 'Johannersburg', 'ZA', '', 'inTransit', 'Parcel connected to final Destination', ''),
(8, 13, '2022-01-16 15:56:00', 'Windhoek', 'NA', '', 'Pending', 'Parcel Arrived in Destination and pending customs clearance', ''),
(9, 13, '2022-01-17 15:57:00', 'Windhoek', 'NA', '', 'Out for Delivery', 'Parcel connected to final Destination', ''),
(10, 12, '2022-01-03 15:43:00', 'Pune', 'IN', '', 'Packaged', 'Parcel Packaged at Origin Facility', ''),
(11, 12, '2022-01-02 15:44:00', 'Pune', 'IN', '', 'inTransit', 'Parcel left for Mumbai(Clearance house)', ''),
(12, 12, '2022-01-04 15:44:00', 'Mumbai', 'IN', '', 'inTransit', 'Parcel released for export and left for chhatrapati shivaji international airport(BOM)', ''),
(13, 12, '2022-01-12 15:49:00', 'Dubai', 'AE', '', 'inTransit', 'Parcel held by Indian Customs Clearance pending extra documentation', ''),
(14, 12, '2022-01-06 15:51:00', 'Delhi', 'MH, IN', '', 'inTransit', 'Received at facility', '');

-- --------------------------------------------------------

--
-- Table structure for table `suppliers`
--

CREATE TABLE `suppliers` (
  `id` int(11) NOT NULL,
  `name` varchar(255) NOT NULL,
  `categories` varchar(300) NOT NULL,
  `email` varchar(100) NOT NULL,
  `phone` varchar(20) NOT NULL,
  `address` varchar(500) NOT NULL,
  `add_info` varchar(5000) NOT NULL,
  `date` datetime NOT NULL
) ENGINE=MyISAM DEFAULT CHARSET=utf8mb4;

--
-- Dumping data for table `suppliers`
--

INSERT INTO `suppliers` (`id`, `name`, `categories`, `email`, `phone`, `address`, `add_info`, `date`) VALUES
(11, 'Ashton Cox', 'Food, Groceries', 'ashcox23@gmail.com', '+91 675 786 0983', 'San Francisco', '', '2020-10-27 00:00:00'),
(10, 'Garrett Winters', 'Clothing', 'winters.gar@gmail.com', '+267 878 887 897', 'Tokyo', '', '2020-10-27 00:00:00'),
(9, 'Rodrigo Cox', 'Electronics', 'rodring@gmail.com', '+263 778 673 673', 'Edinburgh', '', '2020-10-27 00:00:00'),
(8, 'Tiger Nixon', 'System Architect', 'tiger@gmail.com', '+263 777 065 678', 'Edinburgh', '', '2020-10-27 00:00:00'),
(12, 'Cedric Kelly', 'Home  Appliances', 'kcedric87@gmail.com', '+91 908 675 9077', 'Edinburgh', '', '2020-10-27 00:00:00'),
(14, 'Eliphas Masuka', 'home', 'masuka1204@gmail.com', '09045311810', 'Room 409, Dr kotnis hostel, SVSU, NH-58 Delhi-haridwar by-pass Road', '', '2020-10-27 19:17:27'),
(15, 'Eliphas Masuka', 'hgme', 'masuka1204@gmail.com', '09045311810', 'Room 409, Dr kotnis hostel, SVSU, NH-58 Delhi-haridwar by-pass Road', '', '2020-10-27 19:17:54'),
(18, 'Eliphas Masuka', 'Accessories', 'masuka1204@gmail.com', '09045311810', 'India', 'Special order', '2020-10-27 19:35:25'),
(17, 'Create love Bhundela', 'rrr', 'createlove@gmail.com', '09045311810', 'Block 69/2132 Mpopoma', '', '2020-10-27 19:19:13'),
(19, 'Administrator ', 'Music', 'admin@gmail.com', '9000765433', 'Room 409, Dr kotnis hostel, SVSU, NH-58 Delhi-haridwar by-pass Road', 'Uknown', '2020-10-27 19:49:35'),
(20, 'Previos', 'Music', 'm3@gmail.com', '09045311810', 'Harare, Zimbabwe', 'Hie', '2020-10-27 19:50:27'),
(21, 'Raj Enterprise', 'Computer suppliers', 'rajenterprisessameer@yahoo.com', '9890982322', 'Pune', 'All kinds of computers and laptops parts and Accorceries are available. ', '2020-11-15 14:13:50'),
(22, 'Mitsun Engineering', 'All types of Oil Machineries', 'info@mitsunengineering.com', '9824083532', 'Vadodara, Gujrat, India', 'All kinds of oil machines are available', '2020-11-16 14:17:53'),
(23, 'Soda Punch Soda Machine', 'Soda Machine Suppliers & Manufacturers', 'info@sodapunch.in', '91732 05205/77788895', '01 Plot No.17 Ruvapari Estate, near Super Ice Factory, Bhavnagar, Gujarat 364001', 'NA', '2020-12-02 17:07:15'),
(24, 'B.I.R Hair Exports ( Unit of Blessing Indian Remy Hair Exports Private Ltd.) ', 'Hairs Suppliers for Womens', 'info@birhairexports.com', '99992 74991/80377446', 'A-18, 71/7, Rama Road Block C, Najafgarh Road Industrial Area New Delhi Delhi 11, New Delhi, Delhi 110028', 'NA', '2020-12-02 18:05:02');

-- --------------------------------------------------------

--
-- Table structure for table `transactions`
--

CREATE TABLE `transactions` (
  `id` int(11) NOT NULL,
  `name` varchar(255) NOT NULL,
  `phone` varchar(255) NOT NULL,
  `amount` float NOT NULL,
  `address` varchar(255) NOT NULL,
  `recipient` varchar(255) NOT NULL,
  `recipient_phone` varchar(255) NOT NULL,
  `service` varchar(255) NOT NULL,
  `status` varchar(300) NOT NULL,
  `recipient_address` varchar(300) NOT NULL,
  `date` varchar(255) NOT NULL,
  `date_confirm` varchar(255) NOT NULL,
  `charge` float NOT NULL,
  `receiver_amount` float NOT NULL
) ENGINE=InnoDB DEFAULT CHARSET=latin1;

--
-- Dumping data for table `transactions`
--

INSERT INTO `transactions` (`id`, `name`, `phone`, `amount`, `address`, `recipient`, `recipient_phone`, `service`, `status`, `recipient_address`, `date`, `date_confirm`, `charge`, `receiver_amount`) VALUES
(15, '+263779564331', '', 120, '', '+263779564331', '', 'To Buy Airtime', 'Successful', '', '2020-06-14T02:35', 'June 15,2020 02:35:50 AM', 40, 55),
(23, ' Bhundela07', '', 2000, '', 'Rohit', '', 'Send Money To Zimbabwe', 'Successful', '', 'June 20,2020 03:46:00 AM', 'June 15,2020 07:02:27 AM', 160, 1472),
(24, 'Admire', '', 77, '', '889797907', '', 'Airtime/data', 'Successful', '', 'June 25,2020 07:03:00 AM', 'June 15,2020 07:04:41 AM', 6.16, 56.8),
(25, 'Admire44', '', 77, '', '889797907', '', 'Airtime/data', 'Successful', '', 'June 25,2020 07:03:00 AM', 'June 15,2020 07:05:40 AM', 6.16, 56.8),
(26, ' Bhundela070', '', 2000, '', 'Rohit', '', 'Send Money To Zimbabwe', 'Successful', '', 'June 20,2020 03:46:00 AM', 'June 15,2020 07:11:35 AM', 6.16, 56.8),
(27, ' Masuka447', '', 779, '', 'Marita Masuka', '', 'To Send Money To India', 'Successful', '', 'June 26,2020 06:39:00 AM', 'June 15,2020 07:12:19 AM', 62.32, 698.38),
(28, ' Bhundela0700', '', 2000, '', 'Rohit', '', 'Send Money To Zimbabwe', 'Successful', '', 'June 20,2020 03:46:00 AM', 'June 15,2020 07:14:45 AM', 6.16, 56.8),
(29, ' Bhundela0706', '', 2000, '', 'Rohit', '', 'Send Money To Zimbabwe', 'Successful', '', 'June 20,2020 03:46:00 AM', 'June 15,2020 07:21:45 AM', 6.16, 56.8),
(30, ' Masuka447', '', 779, '', 'Marita Masuka', '', 'To Send Money To India', 'Successful', '', 'June 26,2020 06:39:00 AM', 'June 15,2020 07:22:46 AM', 62.32, 698.38),
(31, 'Malone Gweshero', '', 1061, '', 'Chihoboya Aleck', '', 'Send Money To Zimbabwe', 'Successful', '', 'August 12,2020 05:06:00 PM', 'August 12,2020 05:06:58 PM', 84.88, 0),
(32, 'Florence ', '', 16000, '', 'Mr Kafera', '', 'Send Money To Zimbabwe', 'Successful', '', 'September 7,2020 01:37:00 PM', 'September 7,2020 01:37:42 PM', 1280, 17400);

-- --------------------------------------------------------

--
-- Table structure for table `users`
--

CREATE TABLE `users` (
  `id` int(11) NOT NULL,
  `username` varchar(255) NOT NULL,
  `email` varchar(255) NOT NULL,
  `password` varchar(255) NOT NULL,
  `diary` varchar(5000) NOT NULL
) ENGINE=MyISAM DEFAULT CHARSET=latin1;

--
-- Dumping data for table `users`
--

INSERT INTO `users` (`id`, `username`, `email`, `password`, `diary`) VALUES
(34, 'Ekhaya Remit', 'ekhaya@gmail.com', '$2y$10$Ql9WiDMdFYL2vqEOjGBowOVIw/3f4YZKU9e9TBOisWzLfAfUcCvJy', ''),
(35, 'Bee', 'ekhaya@hmail.com', '$2y$10$jI3SG2fpn3BXfdv5qE/RG.xT4UFVZ4MZdyh6Wbrc4kI9Z2A/oGw4C', '');

-- --------------------------------------------------------

--
-- Table structure for table `users1`
--

CREATE TABLE `users1` (
  `user_id` int(11) NOT NULL,
  `name` varchar(255) NOT NULL,
  `email` varchar(300) NOT NULL,
  `phone` varchar(255) NOT NULL,
  `user_password` varchar(400) NOT NULL,
  `profile` varchar(400) NOT NULL,
  `country` varchar(300) NOT NULL
) ENGINE=MyISAM DEFAULT CHARSET=utf8mb4;

--
-- Dumping data for table `users1`
--

INSERT INTO `users1` (`user_id`, `name`, `email`, `phone`, `user_password`, `profile`, `country`) VALUES
(1, 'Eliphas Masuka', 'masuka1204@gmail.com', '', '$2y$10$70Snrpiiy9ovM22LaM.I1.xsoe7Q4VNOu2xRamr81STW2hKzpggHu', '', ''),
(2, 'Tafadzwa Kaurayi', 'tafadzwakaurayi.tk@gmail.com', '', '$2y$10$QJY6KvG7lwbzFIaM44BocudzFR8xevL0/KmDrrBH7azQRgSOPfLVu', '', ''),
(3, 'Tafadzwa Kaurayi', 'tafakaur@gmail.com', '', '$2y$10$dZ1e1/DeXjaltr/lwzH3GurGGvT89psnpIznzMUbNNrT.Tvc4/5f.', '', ''),
(4, 'TAFADZWA KAURAYI', 'notes.taffs@gmail.com', '', '$2y$10$PAO67i90tnbbna.cRvYKwePPvdTKL8YC77iBF10PLawnowhxXleNy', '', ''),
(5, 'Eliphas Masuka', 'masuka12045@gmail.com', '', '$2y$10$JV3S.geMDBysWvQZ9DZnQODUgpTwrhSidGydLW143nKpoTFzErwSG', '', ''),
(6, 'Eliphas Masuka', 'masuka354@gmail.com', '', '$2y$10$P2iN1m.xX34LihCmvfZWpeHb7Cr0U2o9WFC9ZxKiGVStzc8TydutW', '', ''),
(7, 'User Employee', 'masuka1204444@gmail.com', '', '$2y$10$qsxUZe7l5427DY9PQzj3D.9R22Ro.Z5HCodE.l.ncIavuGR8FUPo.', '', ''),
(8, 'tatenda Zarura', 'masuka120444@gmail.com', '', '$2y$10$W.j0du/HOSmP3tFRYPHLFeusg5VCYSXwl0RTe5Fen058MIVVTJe5m', '', ''),
(9, 'George Masuka', 'george@gmail.com', '8791543970', '$2y$10$Zbn2j93aZ6dVvCDuiCgJ.urBUU0j8IaEVjNlPhzIDZqygjDVBKp2W', '', 'India'),
(10, 'shinde shubham', 'shindeshubham.shinde10@gmail.com', '9595203716', '$2y$10$koAINMcVOLKdSjIh32fns.6B7Efhl6AgSOpHqdGc9id7hFVLb17/i', '', 'India'),
(11, 'obert mutarsi', 'mas@gmail.com', '+917428319982', '$2y$10$cCDukstXiN4hdm5SbtqsV.TAJ54DzzvriRHFen6F/6eW31ct4MvV.', '', 'Zimbabwe'),
(12, 'Michelle Dirwai', 'dirwaimichelle@gmail.com', '+263773763294', '$2y$10$LQAGglHrwZMRfiI.NC4Iiei77YHObW4yEfL0sESzx0u7LIGr8Mz3.', '', 'Zimbabwe'),
(13, 'Lesley Anotida', 'lesleyzimunhu06@gmail.com', '9307473724', '$2y$10$3cFY6X9WzBthQvfZQFIrHegKkxjEc3OsmWxKGClYeoP2nqsP8Sh9y', '', 'India'),
(14, 'Tafadzwa Kaurayi', 'vchem@yahoo.com', '+919082368657', '$2y$10$dExeW4kbW0Lxf4ZLudIwgejmlL4e866sdctVv0UM8osa5iXlRcTP6', '', 'India'),
(15, 'Shamiso Diza', 'shamiediza755@gmail.com', '+918295708754', '$2y$10$yNzDDs0.JLLcgxvyk/OnleQrsmDQCjoDnskGzzDX3b49cUZSg7kTe', '', 'India'),
(16, 'Shamiso Diza', 'shamiediza755@gmail.com', '+918295708754', '$2y$10$NkpAvhSxJ/2jN.3ZfucK7.Oc8gprHSCWoxccMsJic73R6AISw95Hi', '', 'India');

--
-- Indexes for dumped tables
--

--
-- Indexes for table `activites`
--
ALTER TABLE `activites`
  ADD PRIMARY KEY (`id`);

--
-- Indexes for table `admin`
--
ALTER TABLE `admin`
  ADD PRIMARY KEY (`id`);

--
-- Indexes for table `announcements`
--
ALTER TABLE `announcements`
  ADD PRIMARY KEY (`id`);

--
-- Indexes for table `charges_recieve`
--
ALTER TABLE `charges_recieve`
  ADD PRIMARY KEY (`id`);

--
-- Indexes for table `charges_send`
--
ALTER TABLE `charges_send`
  ADD PRIMARY KEY (`id`);

--
-- Indexes for table `current_qr_link`
--
ALTER TABLE `current_qr_link`
  ADD PRIMARY KEY (`id`);

--
-- Indexes for table `fedex_map_zone`
--
ALTER TABLE `fedex_map_zone`
  ADD PRIMARY KEY (`id`);

--
-- Indexes for table `fedex_rate_card`
--
ALTER TABLE `fedex_rate_card`
  ADD PRIMARY KEY (`id`);

--
-- Indexes for table `fedex_surchage`
--
ALTER TABLE `fedex_surchage`
  ADD PRIMARY KEY (`id`);

--
-- Indexes for table `main-admin`
--
ALTER TABLE `main-admin`
  ADD PRIMARY KEY (`id`);

--
-- Indexes for table `master_shipments`
--
ALTER TABLE `master_shipments`
  ADD PRIMARY KEY (`id`);

--
-- Indexes for table `packages`
--
ALTER TABLE `packages`
  ADD PRIMARY KEY (`package_id`);

--
-- Indexes for table `payouts`
--
ALTER TABLE `payouts`
  ADD PRIMARY KEY (`id`);

--
-- Indexes for table `quotations`
--
ALTER TABLE `quotations`
  ADD PRIMARY KEY (`id`);

--
-- Indexes for table `quotation_items`
--
ALTER TABLE `quotation_items`
  ADD PRIMARY KEY (`id`);

--
-- Indexes for table `quotation_requests`
--
ALTER TABLE `quotation_requests`
  ADD PRIMARY KEY (`id`);

--
-- Indexes for table `request_items`
--
ALTER TABLE `request_items`
  ADD PRIMARY KEY (`id`);

--
-- Indexes for table `runners`
--
ALTER TABLE `runners`
  ADD PRIMARY KEY (`runner_id`);

--
-- Indexes for table `shipping_updates`
--
ALTER TABLE `shipping_updates`
  ADD PRIMARY KEY (`id`);

--
-- Indexes for table `suppliers`
--
ALTER TABLE `suppliers`
  ADD PRIMARY KEY (`id`);

--
-- Indexes for table `transactions`
--
ALTER TABLE `transactions`
  ADD PRIMARY KEY (`id`);

--
-- Indexes for table `users`
--
ALTER TABLE `users`
  ADD PRIMARY KEY (`id`);

--
-- Indexes for table `users1`
--
ALTER TABLE `users1`
  ADD PRIMARY KEY (`user_id`);

--
-- AUTO_INCREMENT for dumped tables
--

--
-- AUTO_INCREMENT for table `activites`
--
ALTER TABLE `activites`
  MODIFY `id` int(11) NOT NULL AUTO_INCREMENT, AUTO_INCREMENT=6;

--
-- AUTO_INCREMENT for table `admin`
--
ALTER TABLE `admin`
  MODIFY `id` int(11) NOT NULL AUTO_INCREMENT, AUTO_INCREMENT=2;

--
-- AUTO_INCREMENT for table `announcements`
--
ALTER TABLE `announcements`
  MODIFY `id` int(11) NOT NULL AUTO_INCREMENT, AUTO_INCREMENT=7;

--
-- AUTO_INCREMENT for table `charges_recieve`
--
ALTER TABLE `charges_recieve`
  MODIFY `id` int(11) NOT NULL AUTO_INCREMENT, AUTO_INCREMENT=2;

--
-- AUTO_INCREMENT for table `charges_send`
--
ALTER TABLE `charges_send`
  MODIFY `id` int(11) NOT NULL AUTO_INCREMENT, AUTO_INCREMENT=2;

--
-- AUTO_INCREMENT for table `current_qr_link`
--
ALTER TABLE `current_qr_link`
  MODIFY `id` int(11) NOT NULL AUTO_INCREMENT, AUTO_INCREMENT=2;

--
-- AUTO_INCREMENT for table `fedex_map_zone`
--
ALTER TABLE `fedex_map_zone`
  MODIFY `id` int(11) NOT NULL AUTO_INCREMENT, AUTO_INCREMENT=250;

--
-- AUTO_INCREMENT for table `fedex_rate_card`
--
ALTER TABLE `fedex_rate_card`
  MODIFY `id` int(11) NOT NULL AUTO_INCREMENT, AUTO_INCREMENT=142;

--
-- AUTO_INCREMENT for table `fedex_surchage`
--
ALTER TABLE `fedex_surchage`
  MODIFY `id` int(11) NOT NULL AUTO_INCREMENT, AUTO_INCREMENT=2;

--
-- AUTO_INCREMENT for table `main-admin`
--
ALTER TABLE `main-admin`
  MODIFY `id` int(11) NOT NULL AUTO_INCREMENT, AUTO_INCREMENT=5;

--
-- AUTO_INCREMENT for table `master_shipments`
--
ALTER TABLE `master_shipments`
  MODIFY `id` int(11) NOT NULL AUTO_INCREMENT, AUTO_INCREMENT=20;

--
-- AUTO_INCREMENT for table `packages`
--
ALTER TABLE `packages`
  MODIFY `package_id` int(11) NOT NULL AUTO_INCREMENT, AUTO_INCREMENT=172;

--
-- AUTO_INCREMENT for table `payouts`
--
ALTER TABLE `payouts`
  MODIFY `id` int(11) NOT NULL AUTO_INCREMENT, AUTO_INCREMENT=21;

--
-- AUTO_INCREMENT for table `quotations`
--
ALTER TABLE `quotations`
  MODIFY `id` int(11) NOT NULL AUTO_INCREMENT, AUTO_INCREMENT=4;

--
-- AUTO_INCREMENT for table `quotation_items`
--
ALTER TABLE `quotation_items`
  MODIFY `id` int(11) NOT NULL AUTO_INCREMENT, AUTO_INCREMENT=5;

--
-- AUTO_INCREMENT for table `quotation_requests`
--
ALTER TABLE `quotation_requests`
  MODIFY `id` int(11) NOT NULL AUTO_INCREMENT, AUTO_INCREMENT=4;

--
-- AUTO_INCREMENT for table `request_items`
--
ALTER TABLE `request_items`
  MODIFY `id` int(11) NOT NULL AUTO_INCREMENT, AUTO_INCREMENT=5;

--
-- AUTO_INCREMENT for table `runners`
--
ALTER TABLE `runners`
  MODIFY `runner_id` int(11) NOT NULL AUTO_INCREMENT, AUTO_INCREMENT=6;

--
-- AUTO_INCREMENT for table `shipping_updates`
--
ALTER TABLE `shipping_updates`
  MODIFY `id` int(11) NOT NULL AUTO_INCREMENT, AUTO_INCREMENT=15;

--
-- AUTO_INCREMENT for table `suppliers`
--
ALTER TABLE `suppliers`
  MODIFY `id` int(11) NOT NULL AUTO_INCREMENT, AUTO_INCREMENT=25;

--
-- AUTO_INCREMENT for table `transactions`
--
ALTER TABLE `transactions`
  MODIFY `id` int(11) NOT NULL AUTO_INCREMENT, AUTO_INCREMENT=33;

--
-- AUTO_INCREMENT for table `users`
--
ALTER TABLE `users`
  MODIFY `id` int(11) NOT NULL AUTO_INCREMENT, AUTO_INCREMENT=36;

--
-- AUTO_INCREMENT for table `users1`
--
ALTER TABLE `users1`
  MODIFY `user_id` int(11) NOT NULL AUTO_INCREMENT, AUTO_INCREMENT=17;
COMMIT;

/*!40101 SET CHARACTER_SET_CLIENT=@OLD_CHARACTER_SET_CLIENT */;
/*!40101 SET CHARACTER_SET_RESULTS=@OLD_CHARACTER_SET_RESULTS */;
/*!40101 SET COLLATION_CONNECTION=@OLD_COLLATION_CONNECTION */;
